# gnl|WGS:ZZZZ|Megafenestra_007569-P1
#AA,Beta,Periplasm,Membrane,Inside,Outside,Signal
0 M,0.0,0.0,0.0,1.0,0.0,0.0
1 A,0.0,0.0,0.0,1.0,0.0,0.0
2 A,0.0,0.0,0.0,1.0,0.0,0.0
3 A,0.0,0.0,0.0,1.0,0.0,0.0
4 S,0.0,0.0,0.0,1.0,0.0,0.0
5 V,0.0,0.0,0.0,1.0,0.0,0.0
6 R,0.0,0.0,0.0,1.0,0.0,0.0
7 K,0.0,0.0,0.0,1.0,0.0,0.0
8 R,0.0,0.0,0.0,1.0,0.0,0.0
9 E,0.0,0.0,0.0,1.0,0.0,0.0
10 K,0.0,0.0,0.0,1.0,0.0,0.0
11 W,0.0,0.0,0.0,1.0,0.0,0.0
12 K,0.0,0.0,0.0,1.0,0.0,0.0
13 W,0.0,0.0,0.0,1.0,0.0,0.0
14 L,0.0,0.0,0.0,1.0,0.0,0.0
15 L,0.0,0.0,0.0,1.0,0.0,0.0
16 P,0.0,0.0,0.0,1.0,0.0,0.0
17 S,0.0,0.0,0.0,1.0,0.0,0.0
18 S,0.0,0.0,0.0,1.0,0.0,0.0
19 T,0.0,0.0,0.0,1.0,0.0,0.0
20 S,0.0,0.0,0.0,1.0,0.0,0.0
21 S,0.0,0.0,0.0,1.0,0.0,0.0
22 T,0.0,0.0,0.0,1.0,0.0,0.0
23 P,0.0,0.0,0.0,1.0,0.0,0.0
24 V,0.0,0.0,0.0,1.0,0.0,0.0
25 T,0.0,0.0,0.0,1.0,0.0,0.0
26 R,0.0,0.0,0.0,1.0,0.0,0.0
27 L,0.0,0.0,0.0,1.0,0.0,0.0
28 A,0.0,0.0,0.0,1.0,0.0,0.0
29 P,0.0,0.0,0.0,1.0,0.0,0.0
30 I,0.0,0.0,0.0,1.0,0.0,0.0
31 T,0.0,0.0,0.0,1.0,0.0,0.0
32 D,0.0,0.0,0.0,1.0,0.0,0.0
33 T,0.0,0.0,0.0,1.0,0.0,0.0
34 T,0.0,0.0,0.0,1.0,0.0,0.0
35 F,0.0,0.0,0.0,1.0,0.0,0.0
36 E,0.0,0.0,0.0,1.0,0.0,0.0
37 K,0.0,0.0,0.0,1.0,0.0,0.0
38 A,0.0,0.0,0.0,1.0,0.0,0.0
39 C,0.0,0.0,0.0,1.0,0.0,0.0
40 R,0.0,0.0,0.0,1.0,0.0,0.0
41 L,0.0,0.0,0.0,1.0,0.0,0.0
42 G,0.0,0.0,0.0,1.0,0.0,0.0
43 G,0.0,0.0,0.0,1.0,0.0,0.0
44 A,0.0,0.0,0.0,1.0,0.0,0.0
45 N,0.0,0.0,0.0,1.0,0.0,0.0
46 E,0.0,0.0,0.0,1.0,0.0,0.0
47 E,0.0,0.0,0.0,1.0,0.0,0.0
48 D,0.0,0.0,0.0,1.0,0.0,0.0
49 D,0.0,0.0,0.0,1.0,0.0,0.0
50 I,0.0,0.0,0.0,1.0,0.0,0.0
51 R,0.0,0.0,0.0,1.0,0.0,0.0
52 S,0.0,0.0,0.0,1.0,0.0,0.0
53 S,0.0,0.0,0.0,1.0,0.0,0.0
54 S,0.0,0.0,0.0,1.0,0.0,0.0
55 K,0.0,0.0,0.0,1.0,0.0,0.0
56 S,0.0,0.0,0.0,1.0,0.0,0.0
57 T,0.0,0.0,1e-05,1.0,0.0,0.0
58 S,0.0,0.0,0.00017,1.0,0.0,0.0
59 L,0.0,0.0,0.00118,1.0,0.0,0.0
60 R,0.0,0.0,0.00169,1.0,0.0,0.0
61 P,0.0,0.0,0.01385,1.0,0.0,0.0
62 P,0.0,0.0,0.0398,0.97493,0.0,0.0
63 R,0.0,0.0,0.09216,0.92259,0.0,0.0
64 W,0.0,0.0,0.76599,0.24868,0.0,0.0
65 N,0.0,0.0,0.8153,0.19935,0.0,0.0
66 I,0.0,0.0,0.86213,0.15263,0.0,0.0
67 R,0.0,0.0,0.87204,0.14263,0.0,0.0
68 L,0.0,0.0,0.99646,0.01819,0.0,0.0
69 F,0.0,0.0,1.0,0.00159,0.0,0.0
70 T,0.0,0.0,1.0,0.0002,0.0,0.0
71 C,0.0,0.0,1.0,1e-05,0.0,0.0
72 L,0.0,0.0,1.0,0.0,0.0,0.0
73 V,0.0,0.0,1.0,0.0,0.0,0.0
74 A,0.0,0.0,1.0,0.0,6e-05,0.0
75 F,0.0,0.0,1.0,0.0,0.00055,0.0
76 A,0.0,0.0,1.0,0.0,0.00308,0.0
77 F,0.0,0.0,0.98534,0.0,0.02928,0.0
78 V,0.0,0.0,0.9289,0.0,0.0858,0.0
79 V,0.0,0.0,0.7725,0.0,0.24212,0.0
80 Q,0.0,0.0,0.12035,0.0,0.89432,0.0
81 C,0.0,0.0,0.02946,0.0,0.98522,0.0
82 V,0.0,0.0,0.0046,0.0,1.0,0.0
83 S,0.0,0.0,0.00019,0.0,1.0,0.0
84 A,0.0,0.0,3e-05,0.0,1.0,0.0
85 L,0.0,0.0,0.0,0.0,1.0,0.0
86 P,0.0,0.0,0.0,0.0,1.0,0.0
87 P,0.0,0.0,0.0,0.0,1.0,0.0
88 V,0.0,0.0,0.0,0.0,1.0,0.0
89 I,0.0,0.0,0.0,0.0,1.0,0.0
90 R,0.0,0.0,0.0,0.0,1.0,0.0
91 I,0.0,0.0,0.0,0.0,1.0,0.0
92 G,0.0,0.0,0.0,0.0,1.0,0.0
93 G,0.0,0.0,0.0,0.0,1.0,0.0
94 I,0.0,0.0,0.0,0.0,1.0,0.0
95 F,0.0,0.0,0.0,0.0,1.0,0.0
96 R,0.0,0.0,0.0,0.0,1.0,0.0
97 E,0.0,0.0,0.0,0.0,1.0,0.0
98 D,0.0,0.0,0.0,0.0,1.0,0.0
99 Q,0.0,0.0,0.0,0.0,1.0,0.0
100 K,0.0,0.0,0.0,0.0,1.0,0.0
101 D,0.0,0.0,0.0,0.0,1.0,0.0
102 S,0.0,0.0,0.0,0.0,1.0,0.0
103 S,0.0,0.0,0.0,0.0,1.0,0.0
104 A,0.0,0.0,0.0,0.0,1.0,0.0
105 E,0.0,0.0,0.0,0.0,1.0,0.0
106 L,0.0,0.0,0.0,0.0,1.0,0.0
107 A,0.0,0.0,0.0,0.0,1.0,0.0
108 F,0.0,0.0,0.0,0.0,1.0,0.0
109 K,0.0,0.0,0.0,0.0,1.0,0.0
110 Y,0.0,0.0,0.0,0.0,1.0,0.0
111 A,0.0,0.0,0.0,0.0,1.0,0.0
112 V,0.0,0.0,0.0,0.0,1.0,0.0
113 Y,0.0,0.0,0.0,0.0,1.0,0.0
114 R,0.0,0.0,0.0,0.0,1.0,0.0
115 L,0.0,0.0,0.0,0.0,1.0,0.0
116 N,0.0,0.0,0.0,0.0,1.0,0.0
117 R,0.0,0.0,0.0,0.0,1.0,0.0
118 E,0.0,0.0,0.0,0.0,1.0,0.0
119 R,0.0,0.0,0.0,0.0,1.0,0.0
120 T,0.0,0.0,0.0,0.0,1.0,0.0
121 I,0.0,0.0,0.0,0.0,1.0,0.0
122 L,0.0,0.0,0.0,0.0,1.0,0.0
123 P,0.0,0.0,0.0,0.0,1.0,0.0
124 N,0.0,0.0,0.0,0.0,1.0,0.0
125 T,0.0,0.0,0.0,0.0,1.0,0.0
126 T,0.0,0.0,0.0,0.0,1.0,0.0
127 L,0.0,0.0,0.0,0.0,1.0,0.0
128 V,0.0,0.0,0.0,0.0,1.0,0.0
129 Y,0.0,0.0,0.0,0.0,1.0,0.0
130 D,0.0,0.0,0.0,0.0,1.0,0.0
131 I,0.0,0.0,0.0,0.0,1.0,0.0
132 Q,0.0,0.0,0.0,0.0,1.0,0.0
133 Y,0.0,0.0,0.0,0.0,1.0,0.0
134 V,0.0,0.0,0.0,0.0,1.0,0.0
135 P,0.0,0.0,0.0,0.0,1.0,0.0
136 R,0.0,0.0,0.0,0.0,1.0,0.0
137 D,0.0,0.0,0.0,0.0,1.0,0.0
138 D,0.0,0.0,0.0,0.0,1.0,0.0
139 S,0.0,0.0,0.0,0.0,1.0,0.0
140 F,0.0,0.0,0.0,0.0,1.0,0.0
141 R,0.0,0.0,0.0,0.0,1.0,0.0
142 T,0.0,0.0,0.0,0.0,1.0,0.0
143 S,0.0,0.0,0.0,0.0,1.0,0.0
144 K,0.0,0.0,0.0,0.0,1.0,0.0
145 K,0.0,0.0,0.0,0.0,1.0,0.0
146 A,0.0,0.0,0.0,0.0,1.0,0.0
147 C,0.0,0.0,0.0,0.0,1.0,0.0
148 K,0.0,0.0,0.0,0.0,1.0,0.0
149 Q,0.0,0.0,0.0,0.0,1.0,0.0
150 I,0.0,0.0,0.0,0.0,1.0,0.0
151 D,0.0,0.0,0.0,0.0,1.0,0.0
152 F,0.0,0.0,0.0,0.0,1.0,0.0
153 G,0.0,0.0,0.0,0.0,1.0,0.0
154 V,0.0,0.0,0.0,0.0,1.0,0.0
155 Q,0.0,0.0,0.0,0.0,1.0,0.0
156 A,0.0,0.0,0.0,0.0,1.0,0.0
157 I,0.0,0.0,0.0,0.0,1.0,0.0
158 F,0.0,0.0,0.0,0.0,1.0,0.0
159 G,0.0,0.0,0.0,0.0,1.0,0.0
160 P,0.0,0.0,0.0,0.0,1.0,0.0
161 S,0.0,0.0,0.0,0.0,1.0,0.0
162 D,0.0,0.0,0.0,0.0,1.0,0.0
163 P,0.0,0.0,0.0,0.0,1.0,0.0
164 L,0.0,0.0,0.0,0.0,1.0,0.0
165 L,0.0,0.0,0.0,0.0,1.0,0.0
166 G,0.0,0.0,0.0,0.0,1.0,0.0
167 P,0.0,0.0,0.0,0.0,1.0,0.0
168 H,0.0,0.0,0.0,0.0,1.0,0.0
169 V,0.0,0.0,0.0,0.0,1.0,0.0
170 Q,0.0,0.0,0.0,0.0,1.0,0.0
171 S,0.0,0.0,0.0,0.0,1.0,0.0
172 I,0.0,0.0,0.0,0.0,1.0,0.0
173 C,0.0,0.0,0.0,0.0,1.0,0.0
174 D,0.0,0.0,0.0,0.0,1.0,0.0
175 A,0.0,0.0,0.0,0.0,1.0,0.0
176 L,0.0,0.0,0.0,0.0,1.0,0.0
177 D,0.0,0.0,0.0,0.0,1.0,0.0
178 I,0.0,0.0,0.0,0.0,1.0,0.0
179 P,0.0,0.0,0.0,0.0,1.0,0.0
180 H,0.0,0.0,0.0,0.0,1.0,0.0
181 L,0.0,0.0,0.0,0.0,1.0,0.0
182 E,0.0,0.0,0.0,0.0,1.0,0.0
183 T,0.0,0.0,0.0,0.0,1.0,0.0
184 R,0.0,0.0,0.0,0.0,1.0,0.0
185 L,0.0,0.0,0.0,0.0,1.0,0.0
186 D,0.0,0.0,0.0,0.0,1.0,0.0
187 L,0.0,0.0,0.0,0.0,1.0,0.0
188 E,0.0,0.0,0.0,0.0,1.0,0.0
189 S,0.0,0.0,0.0,0.0,1.0,0.0
190 R,0.0,0.0,0.0,0.0,1.0,0.0
191 T,0.0,0.0,0.0,0.0,1.0,0.0
192 G,0.0,0.0,0.0,0.0,1.0,0.0
193 A,0.0,0.0,0.0,0.0,1.0,0.0
194 R,0.0,0.0,0.0,0.0,1.0,0.0
195 N,0.0,0.0,0.0,0.0,1.0,0.0
196 E,0.0,0.0,0.0,0.0,1.0,0.0
197 L,0.0,0.0,0.0,0.0,1.0,0.0
198 S,0.0,0.0,0.0,0.0,1.0,0.0
199 I,0.0,0.0,0.0,0.0,1.0,0.0
200 N,0.0,0.0,0.0,0.0,1.0,0.0
201 L,0.0,0.0,0.0,0.0,1.0,0.0
202 H,0.0,0.0,0.0,0.0,1.0,0.0
203 P,0.0,0.0,0.0,0.0,1.0,0.0
204 S,0.0,0.0,0.0,0.0,1.0,0.0
205 Q,0.0,0.0,0.0,0.0,1.0,0.0
206 E,0.0,0.0,0.0,0.0,1.0,0.0
207 V,0.0,0.0,0.0,0.0,1.0,0.0
208 L,0.0,0.0,0.0,0.0,1.0,0.0
209 N,0.0,0.0,0.0,0.0,1.0,0.0
210 A,0.0,0.0,0.0,0.0,1.0,0.0
211 A,0.0,0.0,0.0,0.0,1.0,0.0
212 Y,0.0,0.0,0.0,0.0,1.0,0.0
213 K,0.0,0.0,0.0,0.0,1.0,0.0
214 D,0.0,0.0,0.0,0.0,1.0,0.0
215 L,0.0,0.0,0.0,0.0,1.0,0.0
216 M,0.0,0.0,0.0,0.0,1.0,0.0
217 R,0.0,0.0,0.0,0.0,1.0,0.0
218 F,0.0,0.0,0.0,0.0,1.0,0.0
219 L,0.0,0.0,0.0,0.0,1.0,0.0
220 N,0.0,0.0,0.0,0.0,1.0,0.0
221 W,0.0,0.0,0.0,0.0,1.0,0.0
222 T,0.0,0.0,0.0,0.0,1.0,0.0
223 K,0.0,0.0,0.0,0.0,1.0,0.0
224 V,0.0,0.0,0.0,0.0,1.0,0.0
225 A,0.0,0.0,0.0,0.0,1.0,0.0
226 I,0.0,0.0,0.0,0.0,1.0,0.0
227 I,0.0,0.0,0.0,0.0,1.0,0.0
228 Y,0.0,0.0,0.0,0.0,1.0,0.0
229 E,0.0,0.0,0.0,0.0,1.0,0.0
230 D,0.0,0.0,0.0,0.0,1.0,0.0
231 E,0.0,0.0,0.0,0.0,1.0,0.0
232 G,0.0,0.0,0.0,0.0,1.0,0.0
233 G,0.0,0.0,0.0,0.0,1.0,0.0
234 L,0.0,0.0,0.0,0.0,1.0,0.0
235 L,0.0,0.0,0.0,0.0,1.0,0.0
236 R,0.0,0.0,0.0,0.0,1.0,0.0
237 L,0.0,0.0,0.0,0.0,1.0,0.0
238 Q,0.0,0.0,0.0,0.0,1.0,0.0
239 D,0.0,0.0,0.0,0.0,1.0,0.0
240 L,0.0,0.0,0.0,0.0,1.0,0.0
241 V,0.0,0.0,0.0,0.0,1.0,0.0
242 R,0.0,0.0,0.0,0.0,1.0,0.0
243 A,0.0,0.0,0.0,0.0,1.0,0.0
244 P,0.0,0.0,0.0,0.0,1.0,0.0
245 P,0.0,0.0,0.0,0.0,1.0,0.0
246 T,0.0,0.0,0.0,0.0,1.0,0.0
247 S,0.0,0.0,0.0,0.0,1.0,0.0
248 K,0.0,0.0,0.0,0.0,1.0,0.0
249 M,0.0,0.0,0.0,0.0,1.0,0.0
250 E,0.0,0.0,0.0,0.0,1.0,0.0
251 V,0.0,0.0,0.0,0.0,1.0,0.0
252 Y,0.0,0.0,0.0,0.0,1.0,0.0
253 I,0.0,0.0,0.0,0.0,1.0,0.0
254 R,0.0,0.0,0.0,0.0,1.0,0.0
255 Q,0.0,0.0,0.0,0.0,1.0,0.0
256 G,0.0,0.0,0.0,0.0,1.0,0.0
257 T,0.0,0.0,0.0,0.0,1.0,0.0
258 V,0.0,0.0,0.0,0.0,1.0,0.0
259 N,0.0,0.0,0.0,0.0,1.0,0.0
260 T,0.0,0.0,0.0,0.0,1.0,0.0
261 Y,0.0,0.0,0.0,0.0,1.0,0.0
262 R,0.0,0.0,0.0,0.0,1.0,0.0
263 Q,0.0,0.0,0.0,0.0,1.0,0.0
264 V,0.0,0.0,0.0,0.0,1.0,0.0
265 L,0.0,0.0,0.0,0.0,1.0,0.0
266 R,0.0,0.0,0.0,0.0,1.0,0.0
267 E,0.0,0.0,0.0,0.0,1.0,0.0
268 I,0.0,0.0,0.0,0.0,1.0,0.0
269 K,0.0,0.0,0.0,0.0,1.0,0.0
270 Q,0.0,0.0,0.0,0.0,1.0,0.0
271 R,0.0,0.0,0.0,0.0,1.0,0.0
272 D,0.0,0.0,0.0,0.0,1.0,0.0
273 I,0.0,0.0,0.0,0.0,1.0,0.0
274 N,0.0,0.0,0.0,0.0,1.0,0.0
275 N,0.0,0.0,0.0,0.0,1.0,0.0
276 I,0.0,0.0,0.0,0.0,1.0,0.0
277 I,0.0,0.0,0.0,0.0,1.0,0.0
278 V,0.0,0.0,0.0,0.0,1.0,0.0
279 D,0.0,0.0,0.0,0.0,1.0,0.0
280 T,0.0,0.0,0.0,0.0,1.0,0.0
281 R,0.0,0.0,0.0,0.0,1.0,0.0
282 T,0.0,0.0,0.0,0.0,1.0,0.0
283 E,0.0,0.0,0.0,0.0,1.0,0.0
284 H,0.0,0.0,0.0,0.0,1.0,0.0
285 V,0.0,0.0,0.0,0.0,1.0,0.0
286 H,0.0,0.0,0.0,0.0,1.0,0.0
287 T,0.0,0.0,0.0,0.0,1.0,0.0
288 F,0.0,0.0,0.0,0.0,1.0,0.0
289 F,0.0,0.0,0.0,0.0,1.0,0.0
290 R,0.0,0.0,0.0,0.0,1.0,0.0
291 A,0.0,0.0,0.0,0.0,1.0,0.0
292 V,0.0,0.0,0.0,0.0,1.0,0.0
293 L,0.0,0.0,0.0,0.0,1.0,0.0
294 Q,0.0,0.0,0.0,0.0,1.0,0.0
295 L,0.0,0.0,0.0,0.0,1.0,0.0
296 Q,0.0,0.0,0.0,0.0,1.0,0.0
297 M,0.0,0.0,0.0,0.0,1.0,0.0
298 N,0.0,0.0,0.0,0.0,1.0,0.0
299 D,0.0,0.0,0.0,0.0,1.0,0.0
300 Y,0.0,0.0,0.0,0.0,1.0,0.0
301 Q,0.0,0.0,0.0,0.0,1.0,0.0
302 Y,0.0,0.0,0.0,0.0,1.0,0.0
303 H,0.0,0.0,0.0,0.0,1.0,0.0
304 Y,0.0,0.0,0.0,0.0,1.0,0.0
305 L,0.0,0.0,0.0,0.0,1.0,0.0
306 F,0.0,0.0,0.0,0.0,1.0,0.0
307 A,0.0,0.0,0.0,0.0,1.0,0.0
308 S,0.0,0.0,0.0,0.0,1.0,0.0
309 P,0.0,0.0,0.0,0.0,1.0,0.0
310 D,0.0,0.0,0.0,0.0,1.0,0.0
311 L,0.0,0.0,0.0,0.0,1.0,0.0
312 E,0.0,0.0,0.0,0.0,1.0,0.0
313 T,0.0,0.0,0.0,0.0,1.0,0.0
314 F,0.0,0.0,0.0,0.0,1.0,0.0
315 D,0.0,0.0,0.0,0.0,1.0,0.0
316 L,0.0,0.0,0.0,0.0,1.0,0.0
317 E,0.0,0.0,0.0,0.0,1.0,0.0
318 D,0.0,0.0,0.0,0.0,1.0,0.0
319 F,0.0,0.0,0.0,0.0,1.0,0.0
320 K,0.0,0.0,0.0,0.0,1.0,0.0
321 Y,0.0,0.0,0.0,0.0,1.0,0.0
322 N,0.0,0.0,0.0,0.0,1.0,0.0
323 F,0.0,0.0,0.0,0.0,1.0,0.0
324 V,0.0,0.0,0.0,0.0,1.0,0.0
325 N,0.0,0.0,0.0,0.0,1.0,0.0
326 I,0.0,0.0,0.0,0.0,1.0,0.0
327 S,0.0,0.0,0.0,0.0,1.0,0.0
328 A,0.0,0.0,0.0,0.0,1.0,0.0
329 F,0.0,0.0,0.0,0.0,1.0,0.0
330 R,0.0,0.0,0.0,0.0,1.0,0.0
331 I,0.0,0.0,0.0,0.0,1.0,0.0
332 V,0.0,0.0,0.0,0.0,1.0,0.0
333 D,0.0,0.0,0.0,0.0,1.0,0.0
334 A,0.0,0.0,0.0,0.0,1.0,0.0
335 D,0.0,0.0,0.0,0.0,1.0,0.0
336 S,0.0,0.0,0.0,0.0,1.0,0.0
337 N,0.0,0.0,0.0,0.0,1.0,0.0
338 I,0.0,0.0,0.0,0.0,1.0,0.0
339 T,0.0,0.0,0.0,0.0,1.0,0.0
340 R,0.0,0.0,0.0,0.0,1.0,0.0
341 H,0.0,0.0,0.0,0.0,1.0,0.0
342 L,0.0,0.0,0.0,0.0,1.0,0.0
343 L,0.0,0.0,0.0,0.0,1.0,0.0
344 R,0.0,0.0,0.0,0.0,1.0,0.0
345 D,0.0,0.0,0.0,0.0,1.0,0.0
346 M,0.0,0.0,0.0,0.0,1.0,0.0
347 E,0.0,0.0,0.0,0.0,1.0,0.0
348 K,0.0,0.0,0.0,0.0,1.0,0.0
349 F,0.0,0.0,0.0,0.0,1.0,0.0
350 Q,0.0,0.0,0.0,0.0,1.0,0.0
351 P,0.0,0.0,0.0,0.0,1.0,0.0
352 I,0.0,0.0,0.0,0.0,1.0,0.0
353 G,0.0,0.0,0.0,0.0,1.0,0.0
354 Q,0.0,0.0,0.0,0.0,1.0,0.0
355 S,0.0,0.0,0.0,0.0,1.0,0.0
356 I,0.0,0.0,0.0,0.0,1.0,0.0
357 L,0.0,0.0,0.0,0.0,1.0,0.0
358 N,0.0,0.0,0.0,0.0,1.0,0.0
359 R,0.0,0.0,0.0,0.0,1.0,0.0
360 S,0.0,0.0,0.0,0.0,1.0,0.0
361 N,0.0,0.0,0.0,0.0,1.0,0.0
362 I,0.0,0.0,0.0,0.0,1.0,0.0
363 I,0.0,0.0,0.0,0.0,1.0,0.0
364 Q,0.0,0.0,0.0,0.0,1.0,0.0
365 A,0.0,0.0,0.0,0.0,1.0,0.0
366 E,0.0,0.0,0.0,0.0,1.0,0.0
367 P,0.0,0.0,0.0,0.0,1.0,0.0
368 A,0.0,0.0,0.0,0.0,1.0,0.0
369 L,0.0,0.0,0.0,0.0,1.0,0.0
370 V,0.0,0.0,0.0,0.0,1.0,0.0
371 Y,0.0,0.0,0.0,0.0,1.0,0.0
372 D,0.0,0.0,0.0,0.0,1.0,0.0
373 S,0.0,0.0,0.0,0.0,1.0,0.0
374 V,0.0,0.0,0.0,0.0,1.0,0.0
375 M,0.0,0.0,0.0,0.0,1.0,0.0
376 A,0.0,0.0,0.0,0.0,1.0,0.0
377 L,0.0,0.0,0.0,0.0,1.0,0.0
378 A,0.0,0.0,0.0,0.0,1.0,0.0
379 H,0.0,0.0,0.0,0.0,1.0,0.0
380 G,0.0,0.0,0.0,0.0,1.0,0.0
381 L,0.0,0.0,0.0,0.0,1.0,0.0
382 A,0.0,0.0,0.0,0.0,1.0,0.0
383 A,0.0,0.0,0.0,0.0,1.0,0.0
384 L,0.0,0.0,0.0,0.0,1.0,0.0
385 D,0.0,0.0,0.0,0.0,1.0,0.0
386 R,0.0,0.0,0.0,0.0,1.0,0.0
387 G,0.0,0.0,0.0,0.0,1.0,0.0
388 T,0.0,0.0,0.0,0.0,1.0,0.0
389 A,0.0,0.0,0.0,0.0,1.0,0.0
390 L,0.0,0.0,0.0,0.0,1.0,0.0
391 R,0.0,0.0,0.0,0.0,1.0,0.0
392 L,0.0,0.0,0.0,0.0,1.0,0.0
393 A,0.0,0.0,0.0,0.0,1.0,0.0
394 N,0.0,0.0,0.0,0.0,1.0,0.0
395 L,0.0,0.0,0.0,0.0,1.0,0.0
396 S,0.0,0.0,0.0,0.0,1.0,0.0
397 C,0.0,0.0,0.0,0.0,1.0,0.0
398 D,0.0,0.0,0.0,0.0,1.0,0.0
399 I,0.0,0.0,0.0,0.0,1.0,0.0
400 E,0.0,0.0,0.0,0.0,1.0,0.0
401 Q,0.0,0.0,0.0,0.0,1.0,0.0
402 P,0.0,0.0,0.0,0.0,1.0,0.0
403 W,0.0,0.0,0.0,0.0,1.0,0.0
404 N,0.0,0.0,0.0,0.0,1.0,0.0
405 D,0.0,0.0,0.0,0.0,1.0,0.0
406 G,0.0,0.0,0.0,0.0,1.0,0.0
407 S,0.0,0.0,0.0,0.0,1.0,0.0
408 S,0.0,0.0,0.0,0.0,1.0,0.0
409 L,0.0,0.0,0.0,0.0,1.0,0.0
410 F,0.0,0.0,0.0,0.0,1.0,0.0
411 N,0.0,0.0,0.0,0.0,1.0,0.0
412 Y,0.0,0.0,0.0,0.0,1.0,0.0
413 I,0.0,0.0,0.0,0.0,1.0,0.0
414 N,0.0,0.0,0.0,0.0,1.0,0.0
415 T,0.0,0.0,0.0,0.0,1.0,0.0
416 V,0.0,0.0,0.0,0.0,1.0,0.0
417 E,0.0,0.0,0.0,0.0,1.0,0.0
418 F,0.0,0.0,0.0,0.0,1.0,0.0
419 V,0.0,0.0,0.0,0.0,1.0,0.0
420 G,0.0,0.0,0.0,0.0,1.0,0.0
421 L,0.0,0.0,0.0,0.0,1.0,0.0
422 T,0.0,0.0,0.0,0.0,1.0,0.0
423 G,0.0,0.0,0.0,0.0,1.0,0.0
424 P,0.0,0.0,0.0,0.0,1.0,0.0
425 V,0.0,0.0,0.0,0.0,1.0,0.0
426 R,0.0,0.0,0.0,0.0,1.0,0.0
427 F,0.0,0.0,0.0,0.0,1.0,0.0
428 K,0.0,0.0,0.0,0.0,1.0,0.0
429 E,0.0,0.0,0.0,0.0,1.0,0.0
430 G,0.0,0.0,0.0,0.0,1.0,0.0
431 R,0.0,0.0,0.0,0.0,1.0,0.0
432 R,0.0,0.0,0.0,0.0,1.0,0.0
433 S,0.0,0.0,0.0,0.0,1.0,0.0
434 N,0.0,0.0,0.0,0.0,1.0,0.0
435 I,0.0,0.0,0.0,0.0,1.0,0.0
436 T,0.0,0.0,0.0,0.0,1.0,0.0
437 L,0.0,0.0,0.0,0.0,1.0,0.0
438 D,0.0,0.0,0.0,0.0,1.0,0.0
439 L,0.0,0.0,0.0,0.0,1.0,0.0
440 L,0.0,0.0,0.0,0.0,1.0,0.0
441 K,0.0,0.0,0.0,0.0,1.0,0.0
442 L,0.0,0.0,0.0,0.0,1.0,0.0
443 K,0.0,0.0,0.0,0.0,1.0,0.0
444 R,0.0,0.0,0.0,0.0,1.0,0.0
445 E,0.0,0.0,0.0,0.0,1.0,0.0
446 N,0.0,0.0,0.0,0.0,1.0,0.0
447 L,0.0,0.0,0.0,0.0,1.0,0.0
448 T,0.0,0.0,0.0,0.0,1.0,0.0
449 K,0.0,0.0,0.0,0.0,1.0,0.0
450 V,0.0,0.0,0.0,0.0,1.0,0.0
451 G,0.0,0.0,0.0,0.0,1.0,0.0
452 E,0.0,0.0,0.0,0.0,1.0,0.0
453 W,0.0,0.0,0.0,0.0,1.0,0.0
454 N,0.0,0.0,0.0,0.0,1.0,0.0
455 G,0.0,0.0,0.0,0.0,1.0,0.0
456 Q,0.0,0.0,0.0,0.0,1.0,0.0
457 M,0.0,0.0,0.0,0.0,1.0,0.0
458 G,0.0,0.0,0.0,0.0,1.0,0.0
459 L,0.0,0.0,0.0,0.0,1.0,0.0
460 N,0.0,0.0,0.0,0.0,1.0,0.0
461 I,0.0,0.0,0.0,0.0,1.0,0.0
462 T,0.0,0.0,0.0,0.0,1.0,0.0
463 D,0.0,0.0,0.0,0.0,1.0,0.0
464 P,0.0,0.0,0.0,0.0,1.0,0.0
465 V,0.0,0.0,0.0,0.0,1.0,0.0
466 A,0.0,0.0,0.0,0.0,1.0,0.0
467 F,0.0,0.0,0.0,0.0,1.0,0.0
468 Y,0.0,0.0,0.0,0.0,1.0,0.0
469 E,0.0,0.0,0.0,0.0,1.0,0.0
470 G,0.0,0.0,0.0,0.0,1.0,0.0
471 S,0.0,0.0,0.0,0.0,1.0,0.0
472 T,0.0,0.0,0.0,0.0,1.0,0.0
473 P,0.0,0.0,0.0,0.0,1.0,0.0
474 N,0.0,0.0,0.0,0.0,1.0,0.0
475 I,0.0,0.0,0.0,0.0,1.0,0.0
476 T,0.0,0.0,0.0,0.0,1.0,0.0
477 L,0.0,0.0,0.0,0.0,1.0,0.0
478 I,0.0,0.0,0.0,0.0,1.0,0.0
479 V,0.0,0.0,0.0,0.0,1.0,0.0
480 M,0.0,0.0,0.0,0.0,1.0,0.0
481 T,0.0,0.0,0.0,0.0,1.0,0.0
482 N,0.0,0.0,0.0,0.0,1.0,0.0
483 E,0.0,0.0,0.0,0.0,1.0,0.0
484 E,0.0,0.0,0.0,0.0,1.0,0.0
485 M,0.0,0.0,0.0,0.0,1.0,0.0
486 P,0.0,0.0,0.0,0.0,1.0,0.0
487 Y,0.0,0.0,0.0,0.0,1.0,0.0
488 V,0.0,0.0,0.0,0.0,1.0,0.0
489 M,0.0,0.0,0.0,0.0,1.0,0.0
490 V,0.0,0.0,0.0,0.0,1.0,0.0
491 R,0.0,0.0,0.0,0.0,1.0,0.0
492 S,0.0,0.0,0.0,0.0,1.0,0.0
493 E,0.0,0.0,0.0,0.0,1.0,0.0
494 R,0.0,0.0,0.0,0.0,1.0,0.0
495 N,0.0,0.0,0.0,0.0,1.0,0.0
496 L,0.0,0.0,0.0,0.0,1.0,0.0
497 T,0.0,0.0,0.0,0.0,1.0,0.0
498 G,0.0,0.0,0.0,0.0,1.0,0.0
499 N,0.0,0.0,0.0,0.0,1.0,0.0
500 D,0.0,0.0,0.0,0.0,1.0,0.0
501 R,0.0,0.0,0.0,0.0,1.0,0.0
502 Y,0.0,0.0,0.0,0.0,1.0,0.0
503 E,0.0,0.0,0.0,0.0,1.0,0.0
504 G,0.0,0.0,0.0,0.0,1.0,0.0
505 F,0.0,0.0,0.0,0.0,1.0,0.0
506 C,0.0,0.0,0.0,0.0,1.0,0.0
507 I,0.0,0.0,0.0,0.0,1.0,0.0
508 D,0.0,0.0,0.0,0.0,1.0,0.0
509 L,0.0,0.0,0.0,0.0,1.0,0.0
510 L,0.0,0.0,0.0,0.0,1.0,0.0
511 K,0.0,0.0,0.0,0.0,1.0,0.0
512 A,0.0,0.0,0.0,0.0,1.0,0.0
513 I,0.0,0.0,0.0,0.0,1.0,0.0
514 A,0.0,0.0,0.0,0.0,1.0,0.0
515 G,0.0,0.0,0.0,0.0,1.0,0.0
516 M,0.0,0.0,0.0,0.0,1.0,0.0
517 V,0.0,0.0,0.0,0.0,1.0,0.0
518 G,0.0,0.0,0.0,0.0,1.0,0.0
519 F,0.0,0.0,0.0,0.0,1.0,0.0
520 N,0.0,0.0,0.0,0.0,1.0,0.0
521 Y,0.0,0.0,0.0,0.0,1.0,0.0
522 V,0.0,0.0,0.0,0.0,1.0,0.0
523 I,0.0,0.0,0.0,0.0,1.0,0.0
524 E,0.0,0.0,0.0,0.0,1.0,0.0
525 L,0.0,0.0,0.0,0.0,1.0,0.0
526 V,0.0,0.0,0.0,0.0,1.0,0.0
527 P,0.0,0.0,0.0,0.0,1.0,0.0
528 D,0.0,0.0,0.0,0.0,1.0,0.0
529 K,0.0,0.0,0.0,0.0,1.0,0.0
530 K,0.0,0.0,0.0,0.0,1.0,0.0
531 Y,0.0,0.0,0.0,0.0,1.0,0.0
532 G,0.0,0.0,0.0,0.0,1.0,0.0
533 A,0.0,0.0,0.0,0.0,1.0,0.0
534 L,0.0,0.0,0.0,0.0,1.0,0.0
535 D,0.0,0.0,0.0,0.0,1.0,0.0
536 P,0.0,0.0,0.0,0.0,1.0,0.0
537 D,0.0,0.0,0.0,0.0,1.0,0.0
538 T,0.0,0.0,0.0,0.0,1.0,0.0
539 G,0.0,0.0,0.0,0.0,1.0,0.0
540 E,0.0,0.0,0.0,0.0,1.0,0.0
541 W,0.0,0.0,0.0,0.0,1.0,0.0
542 N,0.0,0.0,0.0,0.0,1.0,0.0
543 G,0.0,0.0,0.0,0.0,1.0,0.0
544 I,0.0,0.0,0.0,0.0,1.0,0.0
545 V,0.0,0.0,0.0,0.0,1.0,0.0
546 R,0.0,0.0,0.0,0.0,1.0,0.0
547 Q,0.0,0.0,0.0,0.0,1.0,0.0
548 I,0.0,0.0,0.0,0.0,1.0,0.0
549 L,0.0,0.0,0.0,0.0,1.0,0.0
550 E,0.0,0.0,0.0,0.0,1.0,0.0
551 K,0.0,0.0,0.0,0.0,1.0,0.0
552 K,0.0,0.0,0.0,0.0,1.0,0.0
553 A,0.0,0.0,0.0,0.0,1.0,0.0
554 D,0.0,0.0,0.0,0.0,1.0,0.0
555 L,0.0,0.0,0.0,0.0,1.0,0.0
556 A,0.0,0.0,0.0,0.0,0.99988,0.0
557 V,0.0,0.0,0.0,0.0,0.99988,0.0
558 G,0.0,0.0,0.0,0.0,0.99988,0.0
559 S,0.0,0.0,0.0,0.0,0.99988,0.0
560 M,0.0,0.0,0.0,0.0,0.99988,0.0
561 T,0.0,0.0,0.0,0.0,0.99988,0.0
562 I,0.0,0.0,0.0,0.0,0.99976,0.0
563 N,0.0,0.0,0.0,0.0,0.99976,0.0
564 Y,0.0,0.0,0.0,0.0,0.99963,0.0
565 A,0.0,0.0,0.0,0.0,0.99963,0.0
566 R,0.0,0.0,0.0,0.0,0.99963,0.0
567 E,0.0,0.0,0.0,0.0,0.99963,0.0
568 M,0.0,0.0,0.0,0.0,0.99963,0.0
569 V,0.0,0.0,0.0,0.0,0.99963,0.0
570 I,0.0,0.0,0.0,0.0,0.99951,0.0
571 D,0.0,0.0,0.0,0.0,0.99951,0.0
572 F,0.0,0.0,0.0,0.0,0.99951,0.0
573 T,0.0,0.0,0.0,0.0,0.99951,0.0
574 K,0.0,0.0,0.0,0.0,0.99951,0.0
575 P,0.0,0.0,0.0,0.0,0.99951,0.0
576 F,0.0,0.0,0.0,0.0,0.99951,0.0
577 M,0.0,0.0,0.0,0.0,0.99951,0.0
578 N,0.0,0.0,0.0,0.0,0.99951,0.0
579 L,0.0,0.0,0.0,0.0,0.99951,0.0
580 G,0.0,0.0,0.0,0.0,0.99951,0.0
581 I,0.0,0.0,0.0,0.0,0.99951,0.0
582 S,0.0,0.0,0.0,0.0,0.99951,0.0
583 I,0.0,0.0,0.0,0.0,0.99951,0.0
584 L,0.0,0.0,0.0,0.0,0.99951,0.0
585 F,0.0,0.0,0.0,0.0,0.99951,0.0
586 K,0.0,0.0,0.0,0.0,0.99951,0.0
587 V,0.0,0.0,0.0,0.0,0.99951,0.0
588 P,0.0,0.0,0.0,0.0,0.99951,0.0
589 T,0.0,0.0,0.0,0.0,0.99951,0.0
590 P,0.0,0.0,0.0,0.0,0.99951,0.0
591 T,0.0,0.0,0.0,0.0,0.99951,0.0
592 P,0.0,0.0,0.0,0.0,0.99951,0.0
593 T,0.0,0.0,0.0,0.0,0.99951,0.0
594 R,0.0,0.0,0.0,0.0,0.99951,0.0
595 L,0.0,0.0,0.0,0.0,0.99951,0.0
596 F,0.0,0.0,0.0,0.0,0.99951,0.0
597 S,0.0,0.0,0.0,0.0,0.99951,0.0
598 F,0.0,0.0,4e-05,0.0,0.99939,0.0
599 M,0.0,0.0,7e-05,0.0,0.99939,0.0
600 N,0.0,0.0,0.00013,0.0,0.99939,0.0
601 P,0.0,0.0,0.00274,0.0,0.99671,0.0
602 L,0.0,0.0,0.02003,0.0,0.97946,0.0
603 A,0.0,0.0,0.23836,0.0,0.76113,0.0
604 V,0.0,0.0,0.53256,0.0,0.46692,0.0
605 E,0.0,0.0,0.77891,0.0,0.22058,0.0
606 I,0.0,0.0,0.98419,0.0,0.0153,0.0
607 W,0.0,0.0,0.99262,0.0,0.00686,0.0
608 L,0.0,0.0,0.99947,0.0,2e-05,0.0
609 F,0.0,0.0,0.99949,0.0,0.0,0.0
610 L,0.0,0.0,0.99957,0.0,0.0,0.0
611 L,0.0,0.0,0.99955,0.0,0.0,0.0
612 L,0.0,0.0,0.9995,0.0,0.0,0.0
613 A,0.0,0.0,0.99951,0.0,0.0,0.0
614 Y,0.0,0.0,0.9996,0.0,0.0,0.0
615 V,0.0,0.0,0.9996,0.0,0.0,0.0
616 L,0.0,0.0,0.99949,0.0,0.0,0.0
617 V,0.0,0.0,0.9996,0.0,0.0,0.0
618 S,0.0,0.0,0.9996,0.0,0.0,0.0
619 L,0.0,0.0,0.9996,0.0,0.0,0.0
620 S,0.0,0.0,0.9996,0.0,0.0,0.0
621 M,0.0,0.0,0.9996,0.0,0.0,0.0
622 W,0.0,0.0,0.9996,0.0,0.0,0.0
623 V,0.0,0.0,0.99949,0.0,0.0,0.0
624 V,0.0,0.0,0.99936,0.00024,0.0,0.0
625 A,0.0,0.0,0.90007,0.09941,0.0,0.0
626 R,0.0,0.0,0.01736,0.98222,0.0,0.0
627 F,0.0,0.0,0.00382,0.99574,0.0,0.0
628 T,0.0,0.0,7e-05,0.99939,0.0,0.0
629 P,0.0,0.0,0.0,0.99939,0.0,0.0
630 Y,0.0,0.0,0.0,0.99939,0.0,0.0
631 E,0.0,0.0,0.0,0.99939,0.0,0.0
632 W,0.0,0.0,0.0,0.99927,0.0,0.0
633 H,0.0,0.0,0.0,0.99927,0.0,0.0
634 D,0.0,0.0,0.0,0.99915,0.0,0.0
635 N,0.0,0.0,0.0,0.99915,0.0,0.0
636 V,0.0,0.0,0.0,0.99915,0.0,0.0
637 N,0.0,0.0,0.0,0.99915,0.0,0.0
638 G,0.0,0.0,0.0,0.99902,0.0,0.0
639 S,0.0,0.0,0.0,0.99902,0.0,0.0
640 G,0.0,0.0,0.0,0.9989,0.0,0.0
641 A,0.0,0.0,0.0,0.9989,0.0,0.0
642 T,0.0,0.0,0.0,0.9989,0.0,0.0
643 N,0.0,0.0,0.0,0.99878,0.0,0.0
644 R,0.0,0.0,0.0,0.99878,0.0,0.0
645 C,0.0,0.0,0.0,0.99878,0.0,0.0
646 H,0.0,0.0,0.0,0.99878,0.0,0.0
647 H,0.0,0.0,0.0,0.99878,0.0,0.0
648 C,0.0,0.0,0.0,0.99878,0.0,0.0
649 H,0.0,0.0,0.0,0.99878,0.0,0.0
650 H,0.0,0.0,0.0,0.99866,0.0,0.0
651 Y,0.0,0.0,0.0,0.99866,0.0,0.0
652 L,0.0,0.0,0.0,0.99866,0.0,0.0
653 S,0.0,0.0,0.0,0.99866,0.0,0.0
654 G,0.0,0.0,0.0,0.99854,0.0,0.0
655 S,0.0,0.0,0.0,0.99854,0.0,0.0
656 I,0.0,0.0,0.0,0.99854,0.0,0.0
657 G,0.0,0.0,0.0,0.99854,0.0,0.0
658 G,0.0,0.0,0.0,0.99854,0.0,0.0
659 I,0.0,0.0,0.0,0.99854,0.0,0.0
660 N,0.0,0.0,0.0,0.99841,0.0,0.0
661 Q,0.0,0.0,0.0,0.99841,0.0,0.0
662 I,0.0,0.0,0.0,0.99841,0.0,0.0
663 M,0.0,0.0,0.0,0.99841,0.0,0.0
664 Q,0.0,0.0,0.0,0.99841,0.0,0.0
665 H,0.0,0.0,0.0,0.99829,0.0,0.0
666 Q,0.0,0.0,0.0,0.99829,0.0,0.0
667 H,0.0,0.0,0.0,0.99817,0.0,0.0
668 N,0.0,0.0,0.0,0.99817,0.0,0.0
669 P,0.0,0.0,0.0,0.99817,0.0,0.0
670 D,0.0,0.0,0.0,0.99805,0.0,0.0
671 V,0.0,0.0,0.0,0.99805,0.0,0.0
672 M,0.0,0.0,0.0,0.99805,0.0,0.0
673 M,0.0,0.0,0.0,0.99805,0.0,0.0
674 A,0.0,0.0,0.0,0.99793,0.0,0.0
675 S,0.0,0.0,0.0,0.99793,0.0,0.0
676 E,0.0,0.0,0.0,0.99793,0.0,0.0
677 Q,0.0,0.0,0.0,0.99793,0.0,0.0
678 P,0.0,0.0,0.0,0.99781,0.0,0.0
679 V,0.0,0.0,0.0,0.99781,0.0,0.0
680 L,0.0,0.0,0.0,0.99781,0.0,0.0
681 A,0.0,0.0,0.0,0.99781,0.0,0.0
682 S,0.0,0.0,0.0,0.99768,0.0,0.0
683 S,0.0,0.0,0.0,0.99768,0.0,0.0
684 N,0.0,0.0,0.0,0.99768,0.0,0.0
685 D,0.0,0.0,0.0,0.99756,0.0,0.0
686 F,0.0,0.0,0.0,0.99756,0.0,0.0
687 S,0.0,0.0,0.0,0.99756,0.0,0.0
688 L,0.0,0.0,0.0,0.99744,0.0,0.0
689 A,0.0,0.0,0.0,0.99744,0.0,0.0
690 N,0.0,0.0,0.0,0.99744,0.0,0.0
691 S,0.0,0.0,0.0,0.99732,0.0,0.0
692 F,0.0,0.0,0.0,0.99732,0.0,0.0
693 W,0.0,0.0,0.0,0.99732,0.0,0.0
694 F,0.0,0.0,0.0,0.9972,0.0,0.0
695 T,0.0,0.0,0.0,0.9972,0.0,0.0
696 I,0.0,0.0,0.0,0.9972,0.0,0.0
697 G,0.0,0.0,0.0,0.9972,0.0,0.0
698 T,0.0,0.0,0.0,0.9972,0.0,0.0
699 L,0.0,0.0,0.0,0.9972,0.0,0.0
700 M,0.0,0.0,0.0,0.9972,0.0,0.0
701 Q,0.0,0.0,0.0,0.99707,0.0,0.0
702 Q,0.0,0.0,0.0,0.99707,0.0,0.0
703 G,0.0,0.0,0.0,0.99707,0.0,0.0
704 S,0.0,0.0,0.0,0.99707,0.0,0.0
705 D,0.0,0.0,0.0,0.99695,0.0,0.0
706 L,0.0,0.0,0.0,0.99695,0.0,0.0
707 N,0.0,0.0,0.0,0.99695,0.0,0.0
708 P,0.0,0.0,0.0,0.99695,0.0,0.0
709 K,0.0,0.0,0.0,0.99695,0.0,0.0
710 A,0.0,0.0,0.0,0.99695,0.0,0.0
711 A,0.0,0.0,0.0,0.99695,0.0,0.0
712 S,0.0,0.0,0.0,0.99683,0.0,0.0
713 T,0.0,0.0,0.0,0.99683,0.0,0.0
714 R,0.0,0.0,1e-05,0.99671,0.0,0.0
715 I,0.0,0.0,0.00258,0.99416,0.0,0.0
716 V,0.0,0.0,0.00495,0.99173,0.0,0.0
717 G,0.0,0.0,0.00547,0.99125,0.0,0.0
718 G,0.0,0.0,0.05486,0.94182,0.0,0.0
719 I,0.0,0.0,0.97151,0.02516,0.0,0.0
720 W,0.0,0.0,0.99001,0.00665,0.0,0.0
721 W,0.0,0.0,0.99663,4e-05,0.0,0.0
722 F,0.0,0.0,0.99678,0.0,0.0,0.0
723 F,0.0,0.0,0.99679,0.0,0.0,0.0
724 T,0.0,0.0,0.99678,0.0,0.0,0.0
725 L,0.0,0.0,0.9967,0.0,0.0,0.0
726 I,0.0,0.0,0.9967,0.0,0.0,0.0
727 I,0.0,0.0,0.99677,0.0,0.0,0.0
728 I,0.0,0.0,0.99677,0.0,0.0,0.0
729 S,0.0,0.0,0.99677,0.0,0.0,0.0
730 S,0.0,0.0,0.99677,0.0,0.0,0.0
731 Y,0.0,0.0,0.99675,0.0,2e-05,0.0
732 T,0.0,0.0,0.99655,0.0,0.00021,0.0
733 A,0.0,0.0,0.9948,0.0,0.00185,0.0
734 N,0.0,0.0,0.99383,0.0,0.00283,0.0
735 L,0.0,0.0,0.99373,0.0,0.00303,0.0
736 A,0.0,0.0,0.98942,0.0,0.00724,0.0
737 A,0.0,0.0,0.97832,0.0,0.01833,0.0
738 F,0.0,0.0,0.97134,0.0,0.02531,0.0
739 L,0.0,0.0,0.94336,0.0,0.0533,0.0
740 T,0.0,0.0,0.06815,0.0,0.92847,0.0
741 V,0.0,0.0,0.03317,0.0,0.96345,0.0
742 E,0.0,0.0,0.00043,0.0,0.99622,0.0
743 R,0.0,0.0,0.0,0.0,0.99671,0.0
744 M,0.0,0.0,0.0,0.0,0.99671,0.0
745 I,0.0,0.0,0.0,0.0,0.99671,0.0
746 A,0.0,0.0,0.0,0.0,0.99671,0.0
747 P,0.0,0.0,0.0,0.0,0.99683,0.0
748 I,0.0,0.0,0.0,0.0,0.99683,0.0
749 D,0.0,0.0,0.0,0.0,0.99695,0.0
750 S,0.0,0.0,0.0,0.0,0.99695,0.0
751 V,0.0,0.0,0.0,0.0,0.99695,0.0
752 E,0.0,0.0,0.0,0.0,0.99695,0.0
753 D,0.0,0.0,0.0,0.0,0.99695,0.0
754 L,0.0,0.0,0.0,0.0,0.99707,0.0
755 A,0.0,0.0,0.0,0.0,0.99707,0.0
756 D,0.0,0.0,0.0,0.0,0.9972,0.0
757 Q,0.0,0.0,0.0,0.0,0.9972,0.0
758 S,0.0,0.0,0.0,0.0,0.9972,0.0
759 E,0.0,0.0,0.0,0.0,0.9972,0.0
760 I,0.0,0.0,0.0,0.0,0.99732,0.0
761 S,0.0,0.0,0.0,0.0,0.99732,0.0
762 Y,0.0,0.0,0.0,0.0,0.99732,0.0
763 G,0.0,0.0,0.0,0.0,0.99744,0.0
764 T,0.0,0.0,0.0,0.0,0.99744,0.0
765 L,0.0,0.0,0.0,0.0,0.99744,0.0
766 E,0.0,0.0,0.0,0.0,0.99744,0.0
767 A,0.0,0.0,0.0,0.0,0.99744,0.0
768 G,0.0,0.0,0.0,0.0,0.99744,0.0
769 S,0.0,0.0,0.0,0.0,0.99756,0.0
770 T,0.0,0.0,0.0,0.0,0.99756,0.0
771 M,0.0,0.0,0.0,0.0,0.99756,0.0
772 T,0.0,0.0,0.0,0.0,0.99756,0.0
773 F,0.0,0.0,0.0,0.0,0.99768,0.0
774 F,0.0,0.0,0.0,0.0,0.99768,0.0
775 R,0.0,0.0,0.0,0.0,0.99768,0.0
776 D,0.0,0.0,0.0,0.0,0.99768,0.0
777 S,0.0,0.0,0.0,0.0,0.99768,0.0
778 R,0.0,0.0,0.0,0.0,0.99768,0.0
779 I,0.0,0.0,0.0,0.0,0.99768,0.0
780 E,0.0,0.0,0.0,0.0,0.99768,0.0
781 T,0.0,0.0,0.0,0.0,0.99768,0.0
782 Y,0.0,0.0,0.0,0.0,0.99768,0.0
783 Q,0.0,0.0,0.0,0.0,0.99781,0.0
784 K,0.0,0.0,0.0,0.0,0.99781,0.0
785 M,0.0,0.0,0.0,0.0,0.99781,0.0
786 W,0.0,0.0,0.0,0.0,0.99781,0.0
787 R,0.0,0.0,0.0,0.0,0.99793,0.0
788 Y,0.0,0.0,0.0,0.0,0.99793,0.0
789 M,0.0,0.0,0.0,0.0,0.99793,0.0
790 E,0.0,0.0,0.0,0.0,0.99793,0.0
791 S,0.0,0.0,0.0,0.0,0.99793,0.0
792 K,0.0,0.0,0.0,0.0,0.99805,0.0
793 K,0.0,0.0,0.0,0.0,0.99805,0.0
794 P,0.0,0.0,0.0,0.0,0.99805,0.0
795 S,0.0,0.0,0.0,0.0,0.99817,0.0
796 V,0.0,0.0,0.0,0.0,0.99817,0.0
797 F,0.0,0.0,0.0,0.0,0.99817,0.0
798 V,0.0,0.0,0.0,0.0,0.99829,0.0
799 S,0.0,0.0,0.0,0.0,0.99841,0.0
800 T,0.0,0.0,0.0,0.0,0.99841,0.0
801 Y,0.0,0.0,0.0,0.0,0.99841,0.0
802 E,0.0,0.0,0.0,0.0,0.99841,0.0
803 E,0.0,0.0,0.0,0.0,0.99841,0.0
804 G,0.0,0.0,0.0,0.0,0.99841,0.0
805 T,0.0,0.0,0.0,0.0,0.99841,0.0
806 K,0.0,0.0,0.0,0.0,0.99841,0.0
807 R,0.0,0.0,0.0,0.0,0.99841,0.0
808 V,0.0,0.0,0.0,0.0,0.99841,0.0
809 M,0.0,0.0,0.0,0.0,0.99854,0.0
810 E,0.0,0.0,0.0,0.0,0.99854,0.0
811 G,0.0,0.0,0.0,0.0,0.99854,0.0
812 N,0.0,0.0,0.0,0.0,0.99854,0.0
813 F,0.0,0.0,0.0,0.0,0.99866,0.0
814 A,0.0,0.0,0.0,0.0,0.99866,0.0
815 F,0.0,0.0,0.0,0.0,0.99866,0.0
816 L,0.0,0.0,0.0,0.0,0.99866,0.0
817 M,0.0,0.0,0.0,0.0,0.99878,0.0
818 E,0.0,0.0,0.0,0.0,0.99878,0.0
819 S,0.0,0.0,0.0,0.0,0.99878,0.0
820 T,0.0,0.0,0.0,0.0,0.9989,0.0
821 T,0.0,0.0,0.0,0.0,0.9989,0.0
822 L,0.0,0.0,0.0,0.0,0.9989,0.0
823 D,0.0,0.0,0.0,0.0,0.9989,0.0
824 Y,0.0,0.0,0.0,0.0,0.99902,0.0
825 V,0.0,0.0,0.0,0.0,0.99902,0.0
826 V,0.0,0.0,0.0,0.0,0.99915,0.0
827 Q,0.0,0.0,0.0,0.0,0.99915,0.0
828 R,0.0,0.0,0.0,0.0,0.99915,0.0
829 N,0.0,0.0,0.0,0.0,0.99915,0.0
830 C,0.0,0.0,0.0,0.0,0.99927,0.0
831 N,0.0,0.0,0.0,0.0,0.99939,0.0
832 L,0.0,0.0,0.0,0.0,0.99939,0.0
833 T,0.0,0.0,0.0,0.0,0.99939,0.0
834 Q,0.0,0.0,0.0,0.0,0.99939,0.0
835 I,0.0,0.0,0.0,0.0,0.99939,0.0
836 G,0.0,0.0,0.0,0.0,0.99939,0.0
837 G,0.0,0.0,0.0,0.0,0.99951,0.0
838 L,0.0,0.0,0.0,0.0,0.99951,0.0
839 L,0.0,0.0,0.0,0.0,0.99951,0.0
840 D,0.0,0.0,0.0,0.0,0.99963,0.0
841 S,0.0,0.0,0.0,0.0,0.99963,0.0
842 K,0.0,0.0,0.0,0.0,0.99963,0.0
843 G,0.0,0.0,0.0,0.0,0.99963,0.0
844 Y,0.0,0.0,0.0,0.0,0.99976,0.0
845 G,0.0,0.0,0.0,0.0,0.99976,0.0
846 I,0.0,0.0,0.0,0.0,0.99976,0.0
847 G,0.0,0.0,0.0,0.0,0.99988,0.0
848 T,0.0,0.0,0.0,0.0,0.99988,0.0
849 P,0.0,0.0,0.0,0.0,0.99988,0.0
850 K,0.0,0.0,0.0,0.0,0.99988,0.0
851 G,0.0,0.0,0.0,0.0,0.99988,0.0
852 S,0.0,0.0,0.0,0.0,1.0,0.0
853 P,0.0,0.0,0.0,0.0,1.0,0.0
854 W,0.0,0.0,0.0,0.0,1.0,0.0
855 R,0.0,0.0,0.0,0.0,1.0,0.0
856 D,0.0,0.0,0.0,0.0,1.0,0.0
857 R,0.0,0.0,0.0,0.0,1.0,0.0
858 I,0.0,0.0,0.0,0.0,1.0,0.0
859 S,0.0,0.0,0.0,0.0,1.0,0.0
860 L,0.0,0.0,0.0,0.0,1.0,0.0
861 A,0.0,0.0,0.0,0.0,1.0,0.0
862 I,0.0,0.0,0.0,0.0,1.0,0.0
863 L,0.0,0.0,0.0,0.0,1.0,0.0
864 E,0.0,0.0,0.0,0.0,1.0,0.0
865 L,0.0,0.0,0.0,0.0,1.0,0.0
866 Q,0.0,0.0,0.0,0.0,1.0,0.0
867 E,0.0,0.0,0.0,0.0,1.0,0.0
868 K,0.0,0.0,0.0,0.0,1.0,0.0
869 G,0.0,0.0,0.0,0.0,1.0,0.0
870 S,0.0,0.0,0.0,0.0,1.0,0.0
871 I,0.0,0.0,0.0,0.0,1.0,0.0
872 H,0.0,0.0,0.0,0.0,1.0,0.0
873 L,0.0,0.0,0.0,0.0,1.0,0.0
874 L,0.0,0.0,0.0,0.0,1.0,0.0
875 Y,0.0,0.0,0.0,0.0,1.0,0.0
876 N,0.0,0.0,0.0,0.0,1.0,0.0
877 K,0.0,0.0,0.0,0.0,1.0,0.0
878 W,0.0,0.0,0.0,0.0,1.0,0.0
879 W,0.0,0.0,0.0,0.0,1.0,0.0
880 K,0.0,0.0,0.0,0.0,1.0,0.0
881 D,0.0,0.0,0.0,0.0,1.0,0.0
882 T,0.0,0.0,0.0,0.0,1.0,0.0
883 G,0.0,0.0,0.0,0.0,1.0,0.0
884 D,0.0,0.0,0.0,0.0,1.0,0.0
885 V,0.0,0.0,0.0,0.0,1.0,0.0
886 C,0.0,0.0,0.0,0.0,1.0,0.0
887 N,0.0,0.0,0.0,0.0,1.0,0.0
888 R,0.0,0.0,0.0,0.0,1.0,0.0
889 D,0.0,0.0,0.0,0.0,1.0,0.0
890 D,0.0,0.0,0.0,0.0,1.0,0.0
891 K,0.0,0.0,0.0,0.0,1.0,0.0
892 N,0.0,0.0,0.0,0.0,1.0,0.0
893 K,0.0,0.0,0.0,0.0,1.0,0.0
894 E,0.0,0.0,0.0,0.0,1.0,0.0
895 S,0.0,0.0,0.0,0.0,1.0,0.0
896 K,0.0,0.0,0.0,0.0,1.0,0.0
897 A,0.0,0.0,0.0,0.0,1.0,0.0
898 S,0.0,0.0,0.0,0.0,1.0,0.0
899 A,0.0,0.0,0.0,0.0,1.0,0.0
900 L,0.0,0.0,0.0,0.0,1.0,0.0
901 G,0.0,0.0,0.0,0.0,1.0,0.0
902 V,0.0,0.0,0.0,0.0,1.0,0.0
903 E,0.0,0.0,2e-05,0.0,1.0,0.0
904 N,0.0,0.0,0.00153,0.0,1.0,0.0
905 I,0.0,0.0,0.99811,0.0,0.00349,0.0
906 G,0.0,0.0,1.0,0.0,0.00049,0.0
907 G,0.0,0.0,1.0,0.0,1e-05,0.0
908 V,0.0,0.0,1.0,0.0,0.0,0.0
909 F,0.0,0.0,1.0,0.0,0.0,0.0
910 V,0.0,0.0,1.0,0.0,0.0,0.0
911 V,0.0,0.0,1.0,0.0,0.0,0.0
912 L,0.0,0.0,1.0,0.0,0.0,0.0
913 L,0.0,0.0,1.0,0.0,0.0,0.0
914 C,0.0,0.0,1.0,0.0,0.0,0.0
915 G,0.0,0.0,1.0,0.0,0.0,0.0
916 L,0.0,0.0,1.0,0.0,0.0,0.0
917 A,0.0,0.0,1.0,0.0,0.0,0.0
918 M,0.0,0.0,1.0,0.0,0.0,0.0
919 A,0.0,0.0,1.0,0.0,0.0,0.0
920 I,0.0,0.0,1.0,0.0,0.0,0.0
921 V,0.0,0.0,1.0,0.0,0.0,0.0
922 V,0.0,0.0,1.0,0.0,0.0,0.0
923 A,0.0,0.0,1.0,0.0,0.0,0.0
924 I,0.0,0.0,1.0,1e-05,0.0,0.0
925 L,0.0,0.0,0.998,0.00356,0.0,0.0
926 E,0.0,0.0,0.00348,0.99805,0.0,0.0
927 F,0.0,0.0,0.00129,1.0,0.0,0.0
928 C,0.0,0.0,0.00025,1.0,0.0,0.0
929 W,0.0,0.0,0.00011,1.0,0.0,0.0
930 N,0.0,0.0,0.0,1.0,0.0,0.0
931 S,0.0,0.0,0.0,1.0,0.0,0.0
932 K,0.0,0.0,0.0,1.0,0.0,0.0
933 R,0.0,0.0,0.0,1.0,0.0,0.0
934 N,0.0,0.0,0.0,1.0,0.0,0.0
935 A,0.0,0.0,0.0,1.0,0.0,0.0
936 Q,0.0,0.0,0.0,1.0,0.0,0.0
937 Q,0.0,0.0,0.0,1.0,0.0,0.0
938 E,0.0,0.0,0.0,1.0,0.0,0.0
939 K,0.0,0.0,0.0,1.0,0.0,0.0
940 Q,0.0,0.0,0.0,1.0,0.0,0.0
941 S,0.0,0.0,0.0,1.0,0.0,0.0
942 L,0.0,0.0,0.0,1.0,0.0,0.0
943 C,0.0,0.0,0.0,1.0,0.0,0.0
944 S,0.0,0.0,0.0,1.0,0.0,0.0
945 E,0.0,0.0,0.0,1.0,0.0,0.0
946 M,0.0,0.0,0.0,1.0,0.0,0.0
947 G,0.0,0.0,0.0,1.0,0.0,0.0
948 E,0.0,0.0,0.0,1.0,0.0,0.0
949 E,0.0,0.0,0.0,1.0,0.0,0.0
950 L,0.0,0.0,0.0,1.0,0.0,0.0
951 R,0.0,0.0,0.0,1.0,0.0,0.0
952 F,0.0,0.0,0.0,1.0,0.0,0.0
953 A,0.0,0.0,0.0,1.0,0.0,0.0
954 L,0.0,0.0,0.0,1.0,0.0,0.0
955 R,0.0,0.0,0.0,1.0,0.0,0.0
956 C,0.0,0.0,0.0,1.0,0.0,0.0
957 Q,0.0,0.0,0.0,1.0,0.0,0.0
958 G,0.0,0.0,0.0,1.0,0.0,0.0
959 S,0.0,0.0,0.0,1.0,0.0,0.0
960 R,0.0,0.0,0.0,1.0,0.0,0.0
961 Q,0.0,0.0,0.0,1.0,0.0,0.0
962 R,0.0,0.0,0.0,1.0,0.0,0.0
963 P,0.0,0.0,0.0,1.0,0.0,0.0
964 T,0.0,0.0,0.0,1.0,0.0,0.0
965 L,0.0,0.0,0.0,1.0,0.0,0.0
966 R,0.0,0.0,0.0,1.0,0.0,0.0
967 R,0.0,0.0,0.0,1.0,0.0,0.0
968 S,0.0,0.0,0.0,1.0,0.0,0.0
969 C,0.0,0.0,0.0,1.0,0.0,0.0
970 L,0.0,0.0,0.0,1.0,0.0,0.0
971 R,0.0,0.0,0.0,1.0,0.0,0.0
972 C,0.0,0.0,0.0,1.0,0.0,0.0
973 T,0.0,0.0,0.0,1.0,0.0,0.0
974 P,0.0,0.0,0.0,1.0,0.0,0.0
975 P,0.0,0.0,0.0,1.0,0.0,0.0
976 S,0.0,0.0,0.0,1.0,0.0,0.0
977 H,0.0,0.0,0.0,1.0,0.0,0.0
978 T,0.0,0.0,0.0,1.0,0.0,0.0
979 Y,0.0,0.0,0.0,1.0,0.0,0.0
980 V,0.0,0.0,0.0,1.0,0.0,0.0
981 P,0.0,0.0,0.0,1.0,0.0,0.0
982 T,0.0,0.0,0.0,1.0,0.0,0.0
983 N,0.0,0.0,0.0,1.0,0.0,0.0
984 H,0.0,0.0,0.0,1.0,0.0,0.0
985 D,0.0,0.0,0.0,1.0,0.0,0.0
986 V,0.0,0.0,0.0,1.0,0.0,0.0
987 P,0.0,0.0,0.0,1.0,0.0,0.0
988 P,0.0,0.0,0.0,1.0,0.0,0.0
989 L,0.0,0.0,0.0,1.0,0.0,0.0
990 H,0.0,0.0,0.0,1.0,0.0,0.0
991 G,0.0,0.0,0.0,1.0,0.0,0.0
992 E,0.0,0.0,0.0,1.0,0.0,0.0
993 N,0.0,0.0,0.0,1.0,0.0,0.0
994 G,0.0,0.0,0.0,1.0,0.0,0.0
995 I,0.0,0.0,0.0,1.0,0.0,0.0
996 M,0.0,0.0,0.0,1.0,0.0,0.0
997 P,0.0,0.0,0.0,1.0,0.0,0.0
998 M,0.0,0.0,0.0,1.0,0.0,0.0
999 I,0.0,0.0,0.0,1.0,0.0,0.0
1000 E,0.0,0.0,0.0,1.0,0.0,0.0
1001 L,0.0,0.0,0.0,1.0,0.0,0.0
1002 R,0.0,0.0,0.0,1.0,0.0,0.0
1003 K,0.0,0.0,0.0,1.0,0.0,0.0
1004 A,0.0,0.0,0.0,1.0,0.0,0.0
1005 S,0.0,0.0,0.0,1.0,0.0,0.0
1006 I,0.0,0.0,0.0,1.0,0.0,0.0
1007 V,0.0,0.0,0.0,1.0,0.0,0.0
1008 Q,0.0,0.0,0.0,1.0,0.0,0.0
1009 S,0.0,0.0,0.0,1.0,0.0,0.0
1010 Y,0.0,0.0,0.0,1.0,0.0,0.0
1011 D,0.0,0.0,0.0,1.0,0.0,0.0
1012 L,0.0,0.0,0.0,1.0,0.0,0.0
1013 D,0.0,0.0,0.0,1.0,0.0,0.0
1014 N,0.0,0.0,0.0,1.0,0.0,0.0
