# gnl|WGS:ZZZZ|Megafenestra_002620-P1
#AA,Beta,Periplasm,Membrane,Inside,Outside,Signal
0 M,0.0,0.0,0.0,0.0,0.0,0.99988
1 N,0.0,0.0,0.0,0.0,0.0,0.99988
2 Q,0.0,0.0,0.0,0.0,0.0,0.99988
3 L,0.0,0.0,0.0,0.0,0.0,0.99982
4 R,0.0,0.0,0.0,0.0,0.0,0.99982
5 L,0.0,0.0,0.0,0.0,0.0,0.99983
6 F,0.0,0.0,0.0,0.0,0.0,0.99988
7 A,0.0,0.0,0.0,0.0,0.0,0.99982
8 A,0.0,0.0,0.0,0.0,0.0,0.99982
9 F,0.0,0.0,0.0,0.0,0.0,0.99982
10 I,0.0,0.0,0.0,0.0,0.0,0.99982
11 I,0.0,0.0,0.0,0.0,0.0,0.99982
12 Y,0.0,0.0,0.0,0.0,0.0,0.99982
13 N,0.0,0.0,0.0,0.0,0.0,0.99988
14 S,0.0,0.0,0.0,0.0,0.0,0.99982
15 H,0.0,0.0,0.0,0.0,0.0,0.99982
16 I,0.0,0.0,0.0,0.0,1e-05,0.99988
17 P,0.0,0.0,0.0,0.0,5e-05,0.99983
18 F,0.0,0.0,0.0,0.0,0.0003,0.99958
19 I,0.0,0.0,0.0,0.0,0.00087,0.99901
20 L,0.0,0.0,0.0,0.0,0.00323,0.99659
21 S,0.0,0.0,0.0,0.0,0.03195,0.96787
22 K,0.0,0.0,0.0,0.0,0.9944,0.00542
23 G,0.0,0.0,0.0,0.0,0.99902,0.00076
24 R,0.0,0.0,0.0,0.0,0.99976,4e-05
25 N,0.0,0.0,0.0,0.0,0.99982,0.0
26 L,0.0,0.0,0.0,0.0,0.99982,0.0
27 L,0.0,0.0,0.0,0.0,0.99982,0.0
28 L,0.0,0.0,0.0,0.0,0.99982,0.0
29 G,0.0,0.0,0.0,0.0,0.99988,0.0
30 Q,0.0,0.0,0.0,0.0,0.99988,0.0
31 H,0.0,0.0,0.0,0.0,0.99988,0.0
32 I,0.0,0.0,0.0,0.0,0.99988,0.0
33 E,0.0,0.0,0.0,0.0,0.99988,0.0
34 A,0.0,0.0,0.0,0.0,0.99988,0.0
35 M,0.0,0.0,0.0,0.0,0.99988,0.0
36 M,0.0,0.0,0.0,0.0,0.99988,0.0
37 A,0.0,0.0,0.0,0.0,0.99988,0.0
38 H,0.0,0.0,0.0,0.0,0.99988,0.0
39 F,0.0,0.0,0.0,0.0,0.99994,0.0
40 P,0.0,0.0,0.0,0.0,0.99994,0.0
41 P,0.0,0.0,0.0,0.0,0.99994,0.0
42 S,0.0,0.0,0.0,0.0,0.99994,0.0
43 S,0.0,0.0,0.0,0.0,0.99994,0.0
44 A,0.0,0.0,0.0,0.0,1.0,0.0
45 I,0.0,0.0,0.0,0.0,1.0,0.0
46 N,0.0,0.0,0.0,0.0,1.0,0.0
47 R,0.0,0.0,0.0,0.0,1.0,0.0
48 N,0.0,0.0,0.0,0.0,1.0,0.0
49 A,0.0,0.0,0.0,0.0,1.0,0.0
50 T,0.0,0.0,0.0,0.0,1.0,0.0
51 G,0.0,0.0,0.0,0.0,1.0,0.0
52 H,0.0,0.0,0.0,0.0,1.0,0.0
53 V,0.0,0.0,0.0,0.0,1.0,0.0
54 I,0.0,0.0,0.0,0.0,1.0,0.0
55 G,0.0,0.0,0.0,0.0,1.0,0.0
56 Y,0.0,0.0,0.0,0.0,1.0,0.0
57 S,0.0,0.0,0.0,0.0,1.0,0.0
58 G,0.0,0.0,0.0,0.0,1.0,0.0
59 G,0.0,0.0,0.0,0.0,1.0,0.0
60 I,0.0,0.0,0.0,0.0,1.0,0.0
61 F,0.0,0.0,0.0,0.0,1.0,0.0
62 E,0.0,0.0,0.0,0.0,1.0,0.0
63 I,0.0,0.0,0.0,0.0,1.0,0.0
64 F,0.0,0.0,0.0,0.0,1.0,0.0
65 D,0.0,0.0,0.0,0.0,1.0,0.0
66 W,0.0,0.0,0.0,0.0,1.0,0.0
67 V,0.0,0.0,0.0,0.0,1.0,0.0
68 S,0.0,0.0,0.0,0.0,1.0,0.0
69 K,0.0,0.0,0.0,0.0,1.0,0.0
70 R,0.0,0.0,0.0,0.0,1.0,0.0
71 L,0.0,0.0,0.0,0.0,1.0,0.0
72 K,0.0,0.0,0.0,0.0,1.0,0.0
73 F,0.0,0.0,0.0,0.0,1.0,0.0
74 N,0.0,0.0,0.0,0.0,1.0,0.0
75 Y,0.0,0.0,0.0,0.0,1.0,0.0
76 T,0.0,0.0,0.0,0.0,1.0,0.0
77 I,0.0,0.0,0.0,0.0,1.0,0.0
78 I,0.0,0.0,0.0,0.0,1.0,0.0
79 P,0.0,0.0,0.0,0.0,1.0,0.0
80 S,0.0,0.0,0.0,0.0,1.0,0.0
81 E,0.0,0.0,0.0,0.0,1.0,0.0
82 R,0.0,0.0,0.0,0.0,1.0,0.0
83 N,0.0,0.0,0.0,0.0,1.0,0.0
84 F,0.0,0.0,0.0,0.0,1.0,0.0
85 A,0.0,0.0,0.0,0.0,1.0,0.0
86 G,0.0,0.0,0.0,0.0,1.0,0.0
87 V,0.0,0.0,0.0,0.0,1.0,0.0
88 K,0.0,0.0,0.0,0.0,1.0,0.0
89 I,0.0,0.0,0.0,0.0,1.0,0.0
90 N,0.0,0.0,0.0,0.0,1.0,0.0
91 S,0.0,0.0,0.0,0.0,1.0,0.0
92 T,0.0,0.0,0.0,0.0,1.0,0.0
93 W,0.0,0.0,0.0,0.0,1.0,0.0
94 N,0.0,0.0,0.0,0.0,1.0,0.0
95 G,0.0,0.0,0.0,0.0,1.0,0.0
96 M,0.0,0.0,0.0,0.0,1.0,0.0
97 I,0.0,0.0,0.0,0.0,1.0,0.0
98 G,0.0,0.0,0.0,0.0,1.0,0.0
99 S,0.0,0.0,0.0,0.0,1.0,0.0
100 I,0.0,0.0,0.0,0.0,1.0,0.0
101 V,0.0,0.0,0.0,0.0,1.0,0.0
102 R,0.0,0.0,0.0,0.0,1.0,0.0
103 G,0.0,0.0,0.0,0.0,1.0,0.0
104 E,0.0,0.0,0.0,0.0,1.0,0.0
105 C,0.0,0.0,0.0,0.0,1.0,0.0
106 D,0.0,0.0,0.0,0.0,1.0,0.0
107 L,0.0,0.0,0.0,0.0,1.0,0.0
108 A,0.0,0.0,0.0,0.0,1.0,0.0
109 L,0.0,0.0,0.0,0.0,1.0,0.0
110 G,0.0,0.0,0.0,0.0,1.0,0.0
111 P,0.0,0.0,0.0,0.0,1.0,0.0
112 F,0.0,0.0,0.0,0.0,1.0,0.0
113 A,0.0,0.0,0.0,0.0,1.0,0.0
114 I,0.0,0.0,0.0,0.0,1.0,0.0
115 A,0.0,0.0,0.0,0.0,1.0,0.0
116 L,0.0,0.0,0.0,0.0,1.0,0.0
117 E,0.0,0.0,0.0,0.0,1.0,0.0
118 R,0.0,0.0,0.0,0.0,1.0,0.0
119 S,0.0,0.0,0.0,0.0,1.0,0.0
120 E,0.0,0.0,0.0,0.0,1.0,0.0
121 A,0.0,0.0,0.0,0.0,1.0,0.0
122 I,0.0,0.0,0.0,0.0,1.0,0.0
123 D,0.0,0.0,0.0,0.0,1.0,0.0
124 F,0.0,0.0,0.0,0.0,1.0,0.0
125 A,0.0,0.0,0.0,0.0,1.0,0.0
126 G,0.0,0.0,0.0,0.0,1.0,0.0
127 F,0.0,0.0,0.0,0.0,1.0,0.0
128 L,0.0,0.0,0.0,0.0,1.0,0.0
129 G,0.0,0.0,0.0,0.0,1.0,0.0
130 G,0.0,0.0,0.0,0.0,1.0,0.0
131 D,0.0,0.0,0.0,0.0,1.0,0.0
132 D,0.0,0.0,0.0,0.0,1.0,0.0
133 A,0.0,0.0,0.0,0.0,1.0,0.0
134 S,0.0,0.0,0.0,0.0,1.0,0.0
135 M,0.0,0.0,0.0,0.0,1.0,0.0
136 I,0.0,0.0,0.0,0.0,1.0,0.0
137 V,0.0,0.0,0.0,0.0,1.0,0.0
138 R,0.0,0.0,0.0,0.0,1.0,0.0
139 Y,0.0,0.0,0.0,0.0,1.0,0.0
140 P,0.0,0.0,0.0,0.0,1.0,0.0
141 S,0.0,0.0,0.0,0.0,1.0,0.0
142 P,0.0,0.0,0.0,0.0,1.0,0.0
143 E,0.0,0.0,0.0,0.0,1.0,0.0
144 K,0.0,0.0,0.0,0.0,1.0,0.0
145 S,0.0,0.0,0.0,0.0,1.0,0.0
146 S,0.0,0.0,0.0,0.0,1.0,0.0
147 F,0.0,0.0,0.0,0.0,1.0,0.0
148 A,0.0,0.0,0.0,0.0,1.0,0.0
149 A,0.0,0.0,0.0,0.0,1.0,0.0
150 L,0.0,0.0,0.0,0.0,1.0,0.0
151 K,0.0,0.0,0.0,0.0,1.0,0.0
152 P,0.0,0.0,0.0,0.0,1.0,0.0
153 F,0.0,0.0,0.0,0.0,1.0,0.0
154 S,0.0,0.0,0.00029,0.0,1.0,0.0
155 E,0.0,0.0,0.04295,0.0,0.95736,0.0
156 E,0.0,0.0,0.30718,0.0,0.6931,0.0
157 V,0.0,0.0,0.83081,0.0,0.1695,0.0
158 W,0.0,0.0,0.98016,0.0,0.02015,0.0
159 I,0.0,0.0,1.0,0.0,0.0003,0.0
160 G,0.0,0.0,1.0,0.0,1e-05,0.0
161 F,0.0,0.0,1.0,0.0,0.0,0.0
162 L,0.0,0.0,1.0,0.0,0.0,0.0
163 I,0.0,0.0,1.0,0.0,0.0,0.0
164 S,0.0,0.0,1.0,0.0,0.0,0.0
165 I,0.0,0.0,1.0,0.0,0.0,0.0
166 I,0.0,0.0,1.0,0.0,0.0,0.0
167 L,0.0,0.0,1.0,0.0,0.0,0.0
168 V,0.0,0.0,1.0,0.0,0.0,0.0
169 I,0.0,0.0,1.0,0.0,0.0,0.0
170 V,0.0,0.0,1.0,0.0,0.0,0.0
171 S,0.0,0.0,1.0,0.0,0.0,0.0
172 G,0.0,0.0,1.0,0.0,0.0,0.0
173 S,0.0,0.0,1.0,0.0,0.0,0.0
174 V,0.0,0.0,1.0,0.0,0.0,0.0
175 I,0.0,0.0,1.0,5e-05,0.0,0.0
176 A,0.0,0.0,0.98234,0.01816,0.0,0.0
177 F,0.0,0.0,0.96531,0.03519,0.0,0.0
178 L,0.0,0.0,0.82971,0.17078,0.0,0.0
179 H,0.0,0.0,0.02146,0.97898,0.0,0.0
180 N,0.0,0.0,0.00037,1.0,0.0,0.0
181 R,0.0,0.0,0.0,1.0,0.0,0.0
182 Q,0.0,0.0,0.0,1.0,0.0,0.0
183 L,0.0,0.0,0.0,1.0,0.0,0.0
184 Y,0.0,0.0,0.0,1.0,0.0,0.0
185 R,0.0,0.0,0.0,1.0,0.0,0.0
186 S,0.0,0.0,0.0,1.0,0.0,0.0
187 S,0.0,0.0,0.0,1.0,0.0,0.0
188 M,0.0,0.0,0.0,1.0,0.0,0.0
189 S,0.0,0.0,0.0,1.0,0.0,0.0
190 T,0.0,0.0,0.0,1.0,0.0,0.0
191 K,0.0,0.0,0.0,1.0,0.0,0.0
192 L,0.0,0.0,0.0,1.0,0.0,0.0
193 E,0.0,0.0,0.0,1.0,0.0,0.0
194 L,0.0,0.0,0.0,1.0,0.0,0.0
195 A,0.0,0.0,0.0,1.0,0.0,0.0
196 K,0.0,0.0,0.0,1.0,0.0,0.0
197 T,0.0,0.0,0.0,1.0,0.0,0.0
198 T,0.0,0.0,0.0,1.0,0.0,0.0
199 S,0.0,0.0,0.0,1.0,0.0,0.0
200 S,0.0,0.0,0.0,1.0,0.0,0.0
201 L,0.0,0.0,0.0,1.0,0.0,0.0
202 L,0.0,0.0,0.0,1.0,0.0,0.0
203 M,0.0,0.0,0.0,1.0,0.0,0.0
204 Y,0.0,0.0,0.0,1.0,0.0,0.0
205 M,0.0,0.0,0.0,1.0,0.0,0.0
206 F,0.0,0.0,0.0,1.0,0.0,0.0
207 R,0.0,0.0,0.0,1.0,0.0,0.0
208 T,0.0,0.0,0.0,1.0,0.0,0.0
209 A,0.0,0.0,0.0,1.0,0.0,0.0
210 T,0.0,0.0,0.0,1.0,0.0,0.0
211 S,0.0,0.0,0.0,1.0,0.0,0.0
212 Q,0.0,0.0,0.0,1.0,0.0,0.0
213 G,0.0,0.0,0.0,1.0,0.0,0.0
214 S,0.0,0.0,0.0,1.0,0.0,0.0
215 H,0.0,0.0,0.0,1.0,0.0,0.0
216 Y,0.0,0.0,0.0,1.0,0.0,0.0
217 K,0.0,0.0,0.0,1.0,0.0,0.0
218 V,0.0,0.0,0.0,1.0,0.0,0.0
219 N,0.0,0.0,0.0,1.0,0.0,0.0
220 I,0.0,0.0,0.0,1.0,0.0,0.0
221 R,0.0,0.0,1e-05,1.0,0.0,0.0
222 P,0.0,0.0,0.00049,0.99988,0.0,0.0
223 V,0.0,0.0,0.01727,0.98312,0.0,0.0
224 R,0.0,0.0,0.03215,0.96823,0.0,0.0
225 I,0.0,0.0,0.81324,0.18714,0.0,0.0
226 L,0.0,0.0,0.95453,0.04584,0.0,0.0
227 A,0.0,0.0,0.96701,0.03337,0.0,0.0
228 A,0.0,0.0,0.9899,0.01048,0.0,0.0
229 T,0.0,0.0,0.99567,0.00471,0.0,0.0
230 W,0.0,0.0,1.0,0.00031,0.0,0.0
231 L,0.0,0.0,1.0,1e-05,0.0,0.0
232 I,0.0,0.0,1.0,0.0,0.0,0.0
233 A,0.0,0.0,1.0,0.0,0.0,0.0
234 A,0.0,0.0,1.0,0.0,0.0,0.0
235 I,0.0,0.0,1.0,0.0,1e-05,0.0
236 S,0.0,0.0,0.99994,0.0,0.00049,0.0
237 T,0.0,0.0,0.99882,0.0,0.00162,0.0
238 F,0.0,0.0,0.99595,0.0,0.00449,0.0
239 H,0.0,0.0,0.89948,0.0,0.10096,0.0
240 D,0.0,0.0,0.84943,0.0,0.15101,0.0
241 M,0.0,0.0,0.70299,0.0,0.29745,0.0
242 V,0.0,0.0,0.22544,0.0,0.77501,0.0
243 L,0.0,0.0,0.04055,0.0,0.95993,0.0
244 K,0.0,0.0,0.00122,0.0,0.99927,0.0
245 K,0.0,0.0,2e-05,0.0,1.0,0.0
246 H,0.0,0.0,0.0,0.0,1.0,0.0
247 Q,0.0,0.0,0.0,0.0,1.0,0.0
248 I,0.0,0.0,0.0,0.0,1.0,0.0
249 V,0.0,0.0,0.0,0.0,1.0,0.0
250 T,0.0,0.0,0.0,0.0,1.0,0.0
251 L,0.0,0.0,0.0,0.0,1.0,0.0
252 K,0.0,0.0,0.0,0.0,1.0,0.0
253 G,0.0,0.0,0.0,0.0,1.0,0.0
254 S,0.0,0.0,0.0,0.0,1.0,0.0
255 I,0.0,0.0,0.0,0.0,1.0,0.0
256 A,0.0,0.0,0.0,0.0,1.0,0.0
257 E,0.0,0.0,0.0,0.0,1.0,0.0
258 I,0.0,0.0,0.0,0.0,1.0,0.0
259 D,0.0,0.0,0.0,0.0,1.0,0.0
260 I,0.0,0.0,0.0,0.0,1.0,0.0
261 L,0.0,0.0,0.0,0.0,1.0,0.0
262 S,0.0,0.0,0.0,0.0,1.0,0.0
263 S,0.0,0.0,0.0,0.0,1.0,0.0
264 P,0.0,0.0,0.0,0.0,1.0,0.0
265 L,0.0,0.0,0.0,0.0,1.0,0.0
266 K,0.0,0.0,0.0,0.0,1.0,0.0
267 D,0.0,0.0,0.0,0.0,1.0,0.0
268 L,0.0,0.0,0.0,0.0,1.0,0.0
269 Q,0.0,0.0,0.0,0.0,1.0,0.0
270 I,0.0,0.0,0.0,0.0,1.0,0.0
271 L,0.0,0.0,0.0,0.0,1.0,0.0
272 A,0.0,0.0,0.0,0.0,1.0,0.0
273 E,0.0,0.0,0.0,0.0,1.0,0.0
274 S,0.0,0.0,0.0,0.0,1.0,0.0
275 L,0.0,0.0,0.0,0.0,1.0,0.0
276 K,0.0,0.0,0.0,0.0,1.0,0.0
277 Q,0.0,0.0,0.0,0.0,1.0,0.0
278 C,0.0,0.0,0.0,0.0,1.0,0.0
279 P,0.0,0.0,0.0,0.0,1.0,0.0
280 N,0.0,0.0,0.0,0.0,1.0,0.0
281 C,0.0,0.0,0.0,0.0,1.0,0.0
282 R,0.0,0.0,0.0,0.0,1.0,0.0
283 F,0.0,0.0,0.0,0.0,1.0,0.0
284 T,0.0,0.0,0.0,0.0,1.0,0.0
285 N,0.0,0.0,0.0,0.0,1.0,0.0
286 F,0.0,0.0,0.0,0.0,1.0,0.0
287 D,0.0,0.0,0.0,0.0,1.0,0.0
288 D,0.0,0.0,0.0,0.0,1.0,0.0
289 A,0.0,0.0,0.0,0.0,1.0,0.0
290 L,0.0,0.0,0.0,0.0,1.0,0.0
291 A,0.0,0.0,0.0,0.0,1.0,0.0
292 L,0.0,0.0,0.0,0.0,1.0,0.0
293 V,0.0,0.0,0.0,0.0,1.0,0.0
294 L,0.0,0.0,0.0,0.0,1.0,0.0
295 T,0.0,0.0,0.0,0.0,1.0,0.0
296 G,0.0,0.0,0.0,0.0,1.0,0.0
297 D,0.0,0.0,0.0,0.0,1.0,0.0
298 Y,0.0,0.0,0.0,0.0,1.0,0.0
299 V,0.0,0.0,0.0,0.0,1.0,0.0
300 A,0.0,0.0,0.0,0.0,1.0,0.0
301 I,0.0,0.0,0.0,0.0,1.0,0.0
302 L,0.0,0.0,0.0,0.0,1.0,0.0
303 P,0.0,0.0,0.0,0.0,1.0,0.0
304 T,0.0,0.0,0.0,0.0,1.0,0.0
305 T,0.0,0.0,0.0,0.0,1.0,0.0
306 I,0.0,0.0,0.0,0.0,1.0,0.0
307 S,0.0,0.0,0.0,0.0,1.0,0.0
308 K,0.0,0.0,0.0,0.0,1.0,0.0
309 R,0.0,0.0,0.0,0.0,1.0,0.0
310 I,0.0,0.0,0.0,0.0,1.0,0.0
311 L,0.0,0.0,0.0,0.0,1.0,0.0
312 Q,0.0,0.0,0.0,0.0,1.0,0.0
313 N,0.0,0.0,0.0,0.0,1.0,0.0
314 Y,0.0,0.0,0.0,0.0,1.0,0.0
315 S,0.0,0.0,0.0,0.0,1.0,0.0
316 F,0.0,0.0,0.0,0.0,1.0,0.0
317 P,0.0,0.0,0.0,0.0,1.0,0.0
318 K,0.0,0.0,0.0,0.0,1.0,0.0
319 Y,0.0,0.0,0.0,0.0,1.0,0.0
320 E,0.0,0.0,0.0,0.0,1.0,0.0
321 Q,0.0,0.0,0.0,0.0,1.0,0.0
322 C,0.0,0.0,0.0,0.0,1.0,0.0
323 Q,0.0,0.0,0.0,0.0,1.0,0.0
324 V,0.0,0.0,0.0,0.0,1.0,0.0
325 T,0.0,0.0,0.0,0.0,1.0,0.0
326 L,0.0,0.0,0.0,0.0,1.0,0.0
327 G,0.0,0.0,0.0,0.0,1.0,0.0
328 K,0.0,0.0,0.0,0.0,1.0,0.0
329 D,0.0,0.0,0.0,0.0,1.0,0.0
330 T,0.0,0.0,0.0,0.0,1.0,0.0
331 T,0.0,0.0,0.0,0.0,1.0,0.0
332 T,0.0,0.0,0.0,0.0,1.0,0.0
333 W,0.0,0.0,0.0,0.0,1.0,0.0
334 K,0.0,0.0,0.0,0.0,1.0,0.0
335 P,0.0,0.0,0.0,0.0,1.0,0.0
336 M,0.0,0.0,0.0,0.0,1.0,0.0
337 Y,0.0,0.0,0.0,0.0,1.0,0.0
338 F,0.0,0.0,0.0,0.0,1.0,0.0
339 G,0.0,0.0,0.0,0.0,1.0,0.0
340 L,0.0,0.0,0.0,0.0,1.0,0.0
341 P,0.0,0.0,0.0,0.0,1.0,0.0
342 K,0.0,0.0,0.0,0.0,1.0,0.0
343 G,0.0,0.0,0.0,0.0,1.0,0.0
344 R,0.0,0.0,0.0,0.0,1.0,0.0
345 L,0.0,0.0,0.0,0.0,1.0,0.0
346 W,0.0,0.0,0.0,0.0,1.0,0.0
347 S,0.0,0.0,0.0,0.0,1.0,0.0
348 E,0.0,0.0,0.0,0.0,1.0,0.0
349 E,0.0,0.0,0.0,0.0,1.0,0.0
350 I,0.0,0.0,0.0,0.0,1.0,0.0
351 S,0.0,0.0,0.0,0.0,1.0,0.0
352 R,0.0,0.0,0.0,0.0,1.0,0.0
353 E,0.0,0.0,0.0,0.0,1.0,0.0
354 S,0.0,0.0,0.0,0.0,1.0,0.0
355 L,0.0,0.0,0.0,0.0,1.0,0.0
356 W,0.0,0.0,0.0,0.0,1.0,0.0
357 F,0.0,0.0,0.0,0.0,1.0,0.0
358 H,0.0,0.0,0.0,0.0,1.0,0.0
359 S,0.0,0.0,0.0,0.0,1.0,0.0
360 Y,0.0,0.0,0.0,0.0,1.0,0.0
361 G,0.0,0.0,0.0,0.0,1.0,0.0
362 I,0.0,0.0,0.0,0.0,1.0,0.0
363 N,0.0,0.0,0.0,0.0,1.0,0.0
364 L,0.0,0.0,0.0,0.0,1.0,0.0
365 Y,0.0,0.0,0.0,0.0,1.0,0.0
366 I,0.0,0.0,0.0,0.0,1.0,0.0
367 R,0.0,0.0,0.0,0.0,1.0,0.0
368 R,0.0,0.0,0.0,0.0,1.0,0.0
369 T,0.0,0.0,0.0,0.0,1.0,0.0
370 Y,0.0,0.0,0.0,0.0,1.0,0.0
371 G,0.0,0.0,0.0,0.0,1.0,0.0
372 E,0.0,0.0,0.0,0.0,1.0,0.0
373 R,0.0,0.0,0.0,0.0,1.0,0.0
374 K,0.0,0.0,0.0,0.0,1.0,0.0
375 D,0.0,0.0,0.0,0.0,1.0,0.0
376 C,0.0,0.0,0.0,0.0,1.0,0.0
377 I,0.0,0.0,0.0,0.0,1.0,0.0
378 L,0.0,0.0,0.0,0.0,1.0,0.0
379 N,0.0,0.0,0.0,0.0,1.0,0.0
380 Y,0.0,0.0,0.0,0.0,1.0,0.0
381 N,0.0,0.0,0.0,0.0,1.0,0.0
382 S,0.0,0.0,0.0,0.0,1.0,0.0
383 R,0.0,0.0,0.0,0.0,1.0,0.0
384 G,0.0,0.0,0.0,0.0,1.0,0.0
385 Y,0.0,0.0,0.0,0.0,1.0,0.0
386 E,0.0,0.0,0.0,0.0,1.0,0.0
387 S,0.0,0.0,0.0,0.0,1.0,0.0
388 T,0.0,0.0,0.0,0.0,1.0,0.0
389 T,0.0,0.0,0.0,0.0,1.0,0.0
390 K,0.0,0.0,0.0,0.0,1.0,0.0
391 S,0.0,0.0,0.0,0.0,1.0,0.0
392 S,0.0,0.0,0.0,0.0,1.0,0.0
393 P,0.0,0.0,0.0,0.0,1.0,0.0
394 L,0.0,0.0,0.0,0.0,1.0,0.0
395 T,0.0,0.0,0.0,0.0,1.0,0.0
396 L,0.0,0.0,0.0,0.0,1.0,0.0
397 K,0.0,0.0,3e-05,0.0,1.0,0.0
398 Q,0.0,0.0,0.00265,0.0,0.9975,0.0
399 F,0.0,0.0,0.88909,0.0,0.11105,0.0
400 Y,0.0,0.0,0.97141,0.0,0.02872,0.0
401 F,0.0,0.0,0.9939,0.0,0.00623,0.0
402 P,0.0,0.0,0.99545,0.0,0.00468,0.0
403 F,0.0,0.0,0.99984,0.0,0.00029,0.0
404 I,0.0,0.0,1.0,0.0,0.0,0.0
405 L,0.0,0.0,1.0,0.0,0.0,0.0
406 L,0.0,0.0,1.0,0.0,0.0,0.0
407 I,0.0,0.0,1.0,0.0,0.0,0.0
408 F,0.0,0.0,1.0,0.0,0.0,0.0
409 G,0.0,0.0,1.0,0.0,0.0,0.0
410 F,0.0,0.0,1.0,0.0,0.0,0.0
411 S,0.0,0.0,1.0,0.0,0.0,0.0
412 L,0.0,0.0,1.0,0.0,0.0,0.0
413 S,0.0,0.0,1.0,0.0,0.0,0.0
414 T,0.0,0.0,1.0,0.0,0.0,0.0
415 L,0.0,0.0,1.0,0.0,0.0,0.0
416 Q,0.0,0.0,1.0,0.0,0.0,0.0
417 F,0.0,0.0,1.0,1e-05,0.0,0.0
418 M,0.0,0.0,0.99975,0.00038,0.0,0.0
419 C,0.0,0.0,0.98564,0.01443,0.0,0.0
420 E,0.0,0.0,0.02723,0.97285,0.0,0.0
421 H,0.0,0.0,0.0086,0.99149,0.0,0.0
422 L,0.0,0.0,0.00841,0.99167,0.0,0.0
423 S,0.0,0.0,0.00417,0.99592,0.0,0.0
424 N,0.0,0.0,0.00037,0.99969,0.0,0.0
425 T,0.0,0.0,3e-05,1.0,0.0,0.0
426 Y,0.0,0.0,0.0,1.0,0.0,0.0
427 R,0.0,0.0,0.0,1.0,0.0,0.0
428 T,0.0,0.0,0.0,1.0,0.0,0.0
429 R,0.0,0.0,0.0,1.0,0.0,0.0
430 L,0.0,0.0,0.0,1.0,0.0,0.0
431 R,0.0,0.0,0.0,1.0,0.0,0.0
432 L,0.0,0.0,0.0,1.0,0.0,0.0
433 S,0.0,0.0,0.0,1.0,0.0,0.0
434 R,0.0,0.0,0.0,0.99994,0.0,0.0
435 Q,0.0,0.0,0.0,1.0,0.0,0.0
436 F,0.0,0.0,0.0,0.99994,0.0,0.0
437 V,0.0,0.0,0.0,1.0,0.0,0.0
438 Y,0.0,0.0,0.0,1.0,0.0,0.0
