transcript_id	annotation_track	status	reason	raw_cds_length	translated_cds_length	trailing_nt_ignored	internal_stops_replaced
g13015.t1	Dmagna_LRV_IRs_braker_fixed	translated_with_warning	trailing incomplete codon ignored and/or internal stops replaced with X	356	354	2	0
g17391.t1	Dmagna_LRV_IRs_braker_fixed	translated_with_warning	trailing incomplete codon ignored and/or internal stops replaced with X	320	318	2	11
g17545.t1	Dmagna_LRV_IRs_braker_fixed	translated_with_warning	trailing incomplete codon ignored and/or internal stops replaced with X	274	273	1	0
g17588.t1	Dmagna_LRV_IRs_braker_fixed	translated_with_warning	trailing incomplete codon ignored and/or internal stops replaced with X	2089	2088	1	0
g17614.t1	Dmagna_LRV_IRs_braker_fixed	translated_with_warning	trailing incomplete codon ignored and/or internal stops replaced with X	1364	1362	2	20
g17675.t1	Dmagna_LRV_IRs_braker_fixed	translated_with_warning	trailing incomplete codon ignored and/or internal stops replaced with X	1862	1860	2	23
g17706.t1	Dmagna_LRV_IRs_braker_fixed	translated_with_warning	trailing incomplete codon ignored and/or internal stops replaced with X	1135	1134	1	36
g17726.t1	Dmagna_LRV_IRs_braker_fixed	translated_with_warning	trailing incomplete codon ignored and/or internal stops replaced with X	217	216	1	0
g17769.t1	Dmagna_LRV_IRs_braker_fixed	translated_with_warning	trailing incomplete codon ignored and/or internal stops replaced with X	529	528	1	4
g18331.t1	Dmagna_LRV_IRs_braker_fixed	translated_with_warning	trailing incomplete codon ignored and/or internal stops replaced with X	1519	1518	1	0
g18527.t1	Dmagna_LRV_IRs_braker_fixed	translated_with_warning	trailing incomplete codon ignored and/or internal stops replaced with X	1798	1797	1	0
g18605.t1	Dmagna_LRV_IRs_braker_fixed	translated_with_warning	trailing incomplete codon ignored and/or internal stops replaced with X	4060	4059	1	0
g7832.t1	Dmagna_LRV_IRs_braker_fixed	translated_with_warning	trailing incomplete codon ignored and/or internal stops replaced with X	268	267	1	0
g9846.t1	Dmagna_LRV_IRs_braker_fixed	translated_with_warning	trailing incomplete codon ignored and/or internal stops replaced with X	1024	1023	1	0
rna-Dmagna001847-T1	GCA_030254905.1_UOB_LRV0_1_genomic	translated_with_warning	trailing incomplete codon ignored and/or internal stops replaced with X	500	498	2	0
rna-Dmagna003305-T1	GCA_030254905.1_UOB_LRV0_1_genomic	translated_with_warning	trailing incomplete codon ignored and/or internal stops replaced with X	199	198	1	0
rna-Dmagna003783-T1	GCA_030254905.1_UOB_LRV0_1_genomic	translated_with_warning	trailing incomplete codon ignored and/or internal stops replaced with X	368	366	2	6
rna-Dmagna004396-T1	GCA_030254905.1_UOB_LRV0_1_genomic	translated_with_warning	trailing incomplete codon ignored and/or internal stops replaced with X	193	192	1	2
rna-Dmagna004429-T1	GCA_030254905.1_UOB_LRV0_1_genomic	translated_with_warning	trailing incomplete codon ignored and/or internal stops replaced with X	890	888	2	0
rna-Dmagna005997-T1	GCA_030254905.1_UOB_LRV0_1_genomic	translated_with_warning	trailing incomplete codon ignored and/or internal stops replaced with X	362	360	2	8
rna-Dmagna006008-T1	GCA_030254905.1_UOB_LRV0_1_genomic	translated_with_warning	trailing incomplete codon ignored and/or internal stops replaced with X	185	183	2	1
rna-Dmagna006027-T1	GCA_030254905.1_UOB_LRV0_1_genomic	translated_with_warning	trailing incomplete codon ignored and/or internal stops replaced with X	2309	2307	2	0
rna-Dmagna006325-T1	GCA_030254905.1_UOB_LRV0_1_genomic	translated_with_warning	trailing incomplete codon ignored and/or internal stops replaced with X	211	210	1	0
rna-Dmagna006326-T1	GCA_030254905.1_UOB_LRV0_1_genomic	translated_with_warning	trailing incomplete codon ignored and/or internal stops replaced with X	647	645	2	13
rna-Dmagna006330-T1	GCA_030254905.1_UOB_LRV0_1_genomic	translated_with_warning	trailing incomplete codon ignored and/or internal stops replaced with X	262	261	1	2
rna-Dmagna006332-T1	GCA_030254905.1_UOB_LRV0_1_genomic	translated_with_warning	trailing incomplete codon ignored and/or internal stops replaced with X	1307	1305	2	0
rna-Dmagna006333-T1	GCA_030254905.1_UOB_LRV0_1_genomic	translated_with_warning	trailing incomplete codon ignored and/or internal stops replaced with X	238	237	1	2
rna-Dmagna006340-T1	GCA_030254905.1_UOB_LRV0_1_genomic	translated_with_warning	trailing incomplete codon ignored and/or internal stops replaced with X	911	909	2	0
rna-Dmagna006341-T1	GCA_030254905.1_UOB_LRV0_1_genomic	translated_with_warning	trailing incomplete codon ignored and/or internal stops replaced with X	439	438	1	4
rna-Dmagna006344-T1	GCA_030254905.1_UOB_LRV0_1_genomic	translated_with_warning	trailing incomplete codon ignored and/or internal stops replaced with X	1198	1197	1	2
rna-Dmagna006345-T1	GCA_030254905.1_UOB_LRV0_1_genomic	translated_with_warning	trailing incomplete codon ignored and/or internal stops replaced with X	1232	1230	2	0
rna-Dmagna006350-T1	GCA_030254905.1_UOB_LRV0_1_genomic	translated_with_warning	trailing incomplete codon ignored and/or internal stops replaced with X	1922	1920	2	10
rna-Dmagna006351-T1	GCA_030254905.1_UOB_LRV0_1_genomic	translated_with_warning	trailing incomplete codon ignored and/or internal stops replaced with X	724	723	1	0
rna-Dmagna006374-T1	GCA_030254905.1_UOB_LRV0_1_genomic	translated_with_warning	trailing incomplete codon ignored and/or internal stops replaced with X	3214	3213	1	21
rna-Dmagna006375-T1	GCA_030254905.1_UOB_LRV0_1_genomic	translated_with_warning	trailing incomplete codon ignored and/or internal stops replaced with X	445	444	1	6
rna-Dmagna006376-T1	GCA_030254905.1_UOB_LRV0_1_genomic	translated_with_warning	trailing incomplete codon ignored and/or internal stops replaced with X	1636	1635	1	0
rna-Dmagna006377-T1	GCA_030254905.1_UOB_LRV0_1_genomic	translated_with_warning	trailing incomplete codon ignored and/or internal stops replaced with X	607	606	1	4
rna-Dmagna006378-T1	GCA_030254905.1_UOB_LRV0_1_genomic	translated_with_warning	trailing incomplete codon ignored and/or internal stops replaced with X	608	606	2	0
rna-Dmagna006380-T1	GCA_030254905.1_UOB_LRV0_1_genomic	translated_with_warning	trailing incomplete codon ignored and/or internal stops replaced with X	881	879	2	0
rna-Dmagna006381-T1	GCA_030254905.1_UOB_LRV0_1_genomic	translated_with_warning	trailing incomplete codon ignored and/or internal stops replaced with X	1249	1248	1	6
rna-Dmagna006382-T1	GCA_030254905.1_UOB_LRV0_1_genomic	translated_with_warning	trailing incomplete codon ignored and/or internal stops replaced with X	868	867	1	2
rna-Dmagna006383-T1	GCA_030254905.1_UOB_LRV0_1_genomic	translated_with_warning	trailing incomplete codon ignored and/or internal stops replaced with X	635	633	2	0
rna-Dmagna006603-T1	GCA_030254905.1_UOB_LRV0_1_genomic	translated_with_warning	trailing incomplete codon ignored and/or internal stops replaced with X	625	624	1	0
rna-Dmagna006938-T1	GCA_030254905.1_UOB_LRV0_1_genomic	translated_with_warning	trailing incomplete codon ignored and/or internal stops replaced with X	217	216	1	0
rna-Dmagna008523-T1	GCA_030254905.1_UOB_LRV0_1_genomic	translated_with_warning	trailing incomplete codon ignored and/or internal stops replaced with X	241	240	1	3
rna-Dmagna009147-T1	GCA_030254905.1_UOB_LRV0_1_genomic	translated_with_warning	trailing incomplete codon ignored and/or internal stops replaced with X	524	522	2	12
rna-Dmagna010546-T1	GCA_030254905.1_UOB_LRV0_1_genomic	translated_with_warning	trailing incomplete codon ignored and/or internal stops replaced with X	182	180	2	3
rna-Dmagna013898-T1	GCA_030254905.1_UOB_LRV0_1_genomic	translated_with_warning	trailing incomplete codon ignored and/or internal stops replaced with X	215	213	2	6
rna-Dmagna014042-T1	GCA_030254905.1_UOB_LRV0_1_genomic	translated_with_warning	trailing incomplete codon ignored and/or internal stops replaced with X	199	198	1	1
rna-Dmagna014170-T1	GCA_030254905.1_UOB_LRV0_1_genomic	translated_with_warning	trailing incomplete codon ignored and/or internal stops replaced with X	1294	1293	1	37
rna-Dmagna014196-T1	GCA_030254905.1_UOB_LRV0_1_genomic	translated_with_warning	trailing incomplete codon ignored and/or internal stops replaced with X	268	267	1	0
rna-Dmagna014444-T1	GCA_030254905.1_UOB_LRV0_1_genomic	translated_with_warning	trailing incomplete codon ignored and/or internal stops replaced with X	490	489	1	15
rna-Dmagna015271-T1	GCA_030254905.1_UOB_LRV0_1_genomic	translated_with_warning	trailing incomplete codon ignored and/or internal stops replaced with X	449	447	2	8
rna-Dmagna015796-T1	GCA_030254905.1_UOB_LRV0_1_genomic	translated_with_warning	trailing incomplete codon ignored and/or internal stops replaced with X	208	207	1	0
rna-Dmagna017778-T1	GCA_030254905.1_UOB_LRV0_1_genomic	translated_with_warning	trailing incomplete codon ignored and/or internal stops replaced with X	1013	1011	2	0
rna-Dmagna018879-T1	GCA_030254905.1_UOB_LRV0_1_genomic	translated_with_warning	trailing incomplete codon ignored and/or internal stops replaced with X	245	243	2	0
rna-Dmagna020059-T1	GCA_030254905.1_UOB_LRV0_1_genomic	translated_with_warning	trailing incomplete codon ignored and/or internal stops replaced with X	253	252	1	2
rna-Dmagna021033-T1	GCA_030254905.1_UOB_LRV0_1_genomic	translated_with_warning	trailing incomplete codon ignored and/or internal stops replaced with X	200	198	2	5
rna-Dmagna021762-T1	GCA_030254905.1_UOB_LRV0_1_genomic	translated_with_warning	trailing incomplete codon ignored and/or internal stops replaced with X	190	189	1	0
rna-Dmagna021806-T1	GCA_030254905.1_UOB_LRV0_1_genomic	translated_with_warning	trailing incomplete codon ignored and/or internal stops replaced with X	829	828	1	15
rna-Dmagna021822-T1	GCA_030254905.1_UOB_LRV0_1_genomic	translated_with_warning	trailing incomplete codon ignored and/or internal stops replaced with X	499	498	1	0
rna-Dmagna022612-T1	GCA_030254905.1_UOB_LRV0_1_genomic	translated_with_warning	trailing incomplete codon ignored and/or internal stops replaced with X	301	300	1	0
rna-Dmagna025209-T1	GCA_030254905.1_UOB_LRV0_1_genomic	translated_with_warning	trailing incomplete codon ignored and/or internal stops replaced with X	155	153	2	4
rna-Dmagna025210-T1	GCA_030254905.1_UOB_LRV0_1_genomic	translated_with_warning	trailing incomplete codon ignored and/or internal stops replaced with X	562	561	1	0
rna-Dmagna025222-T1	GCA_030254905.1_UOB_LRV0_1_genomic	translated_with_warning	trailing incomplete codon ignored and/or internal stops replaced with X	164	162	2	3
rna-Dmagna025236-T1	GCA_030254905.1_UOB_LRV0_1_genomic	translated_with_warning	trailing incomplete codon ignored and/or internal stops replaced with X	353	351	2	0
rna-Dmagna025237-T1	GCA_030254905.1_UOB_LRV0_1_genomic	translated_with_warning	trailing incomplete codon ignored and/or internal stops replaced with X	563	561	2	0
rna-Dmagna025299-T1	GCA_030254905.1_UOB_LRV0_1_genomic	translated_with_warning	trailing incomplete codon ignored and/or internal stops replaced with X	286	285	1	0
rna-Dmagna025697-T1	GCA_030254905.1_UOB_LRV0_1_genomic	translated_with_warning	trailing incomplete codon ignored and/or internal stops replaced with X	454	453	1	9
rna-Dmagna026760-T1	GCA_030254905.1_UOB_LRV0_1_genomic	translated_with_warning	trailing incomplete codon ignored and/or internal stops replaced with X	2569	2568	1	0
rna-Dmagna027866-T1	GCA_030254905.1_UOB_LRV0_1_genomic	translated_with_warning	trailing incomplete codon ignored and/or internal stops replaced with X	436	435	1	6
rna-Dmagna028432-T1	GCA_030254905.1_UOB_LRV0_1_genomic	translated_with_warning	trailing incomplete codon ignored and/or internal stops replaced with X	769	768	1	28
rna-Dmagna030390-T1	GCA_030254905.1_UOB_LRV0_1_genomic	translated_with_warning	trailing incomplete codon ignored and/or internal stops replaced with X	164	162	2	2
rna-Dmagna031488-T1	GCA_030254905.1_UOB_LRV0_1_genomic	translated_with_warning	trailing incomplete codon ignored and/or internal stops replaced with X	340	339	1	0
