merged_gene_id	merged_isoform_id	internal_id	final_decision	annotation_track	source_id	transcript_id	topology_class	contig	start	end	strand
CM058176.1_2194006-2196046r	CM058176.1_2194006-2196046r_X1-2194006-2195814-IRN_000216	IRN_000216	reject	Dmagna_LRV_IRs_braker_fixed	g10190.t2	g10190.t2	relaxed	CM058176.1	2194006	2195814	-
CM058176.1_2194006-2196046r	CM058176.1_2194006-2196046r_X2-2194006-2196046-IRN_000215	IRN_000215	accept	Dmagna_LRV_IRs_braker_fixed	g10190.t1	g10190.t1	strict	CM058176.1	2194006	2196046	-
CM058176.1_2194006-2196046r	CM058176.1_2194006-2196046r_X3-2194006-2196046-IRN_018714	IRN_018714	accept	Dmagna_LRV_rnd1	maker-CM058176.1-exonerate_est2genome-gene-0.1-mRNA-1	maker-CM058176.1-exonerate_est2genome-gene-0.1-mRNA-1	strict	CM058176.1	2194006	2196046	-
CM058176.1_2194006-2196046r	CM058176.1_2194006-2196046r_X4-2194006-2196046-IRN_051553	IRN_051553	accept	Dmagna_LRV_snap-aug	maker-CM058176.1-augustus-gene-0.848-mRNA-1	maker-CM058176.1-augustus-gene-0.848-mRNA-1	strict	CM058176.1	2194006	2196046	-
CM058176.1_2195049-2199169f	CM058176.1_2195049-2199169f_X1-2195049-2199169-IRN_018713	IRN_018713	accept	Dmagna_LRV_rnd1	maker-CM058176.1-exonerate_est2genome-gene-0.0-mRNA-1	maker-CM058176.1-exonerate_est2genome-gene-0.0-mRNA-1	relaxed	CM058176.1	2195049	2199169	+
CM058176.1_2195049-2199169f	CM058176.1_2195049-2199169f_X2-2195049-2199169-IRN_023258	IRN_023258	accept	GCA_030254905.1_UOB_LRV0_1_genomic	rna-Dmagna004354-T1	rna-Dmagna004354-T1	relaxed	CM058176.1	2195049	2199169	+
CM058176.1_2195049-2199169f	CM058176.1_2195049-2199169f_X3-2195049-2199169-IRN_051554	IRN_051554	accept	Dmagna_LRV_snap-aug	maker-CM058176.1-exonerate_est2genome-gene-0.0-mRNA-1	maker-CM058176.1-exonerate_est2genome-gene-0.0-mRNA-1	relaxed	CM058176.1	2195049	2199169	+
CM058176.1_2195049-2199169f	CM058176.1_2195049-2199169f_X4-2197112-2199169-IRN_000217	IRN_000217	accept	Dmagna_LRV_IRs_braker_fixed	g10191.t1	g10191.t1	relaxed	CM058176.1	2197112	2199169	+
CM058176.1_2195049-2199169f	CM058176.1_2195049-2199169f_X5-2197112-2199169-IRN_000218	IRN_000218	accept	Dmagna_LRV_IRs_braker_fixed	g10191.t2	g10191.t2	relaxed	CM058176.1	2197112	2199169	+
CM058176.1_3874932-3877064r	CM058176.1_3874932-3877064r_X1-3874932-3876964-IRN_023706	IRN_023706	reject	GCA_030254905.1_UOB_LRV0_1_genomic	rna-Dmagna004788-T1	rna-Dmagna004788-T1	relaxed	CM058176.1	3874932	3876964	-
CM058176.1_3874932-3877064r	CM058176.1_3874932-3877064r_X2-3875020-3877016-IRN_000471	IRN_000471	accept	Dmagna_LRV_IRs_braker_fixed	g10418.t1	g10418.t1	strict	CM058176.1	3875020	3877016	-
CM058176.1_3874932-3877064r	CM058176.1_3874932-3877064r_X3-3875020-3877016-IRN_018715	IRN_018715	accept	Dmagna_LRV_rnd1	maker-CM058176.1-exonerate_est2genome-gene-0.2-mRNA-1	maker-CM058176.1-exonerate_est2genome-gene-0.2-mRNA-1	strict	CM058176.1	3875020	3877016	-
CM058176.1_3874932-3877064r	CM058176.1_3874932-3877064r_X4-3875020-3877064-IRN_051555	IRN_051555	accept	Dmagna_LRV_snap-aug	maker-CM058176.1-snap-gene-0.867-mRNA-1	maker-CM058176.1-snap-gene-0.867-mRNA-1	strict	CM058176.1	3875020	3877064	-
CM058177.1_574978-578788r	CM058177.1_574978-578788r_X1-574978-578429-IRN_001333	IRN_001333	reject	Dmagna_LRV_IRs_braker_fixed	g11193.t2	g11193.t2	relaxed	CM058177.1	574978	578429	-
CM058177.1_574978-578788r	CM058177.1_574978-578788r_X2-574978-578626-IRN_001332	IRN_001332	accept	Dmagna_LRV_IRs_braker_fixed	g11193.t1	g11193.t1	strict	CM058177.1	574978	578626	-
CM058177.1_574978-578788r	CM058177.1_574978-578788r_X3-574978-578626-IRN_018719	IRN_018719	accept	Dmagna_LRV_rnd1	maker-CM058177.1-exonerate_protein2genome-gene-0.36-mRNA-1	maker-CM058177.1-exonerate_protein2genome-gene-0.36-mRNA-1	strict	CM058177.1	574978	578626	-
CM058177.1_574978-578788r	CM058177.1_574978-578788r_X4-574978-578626-IRN_036948	IRN_036948	accept	GCA_030254905.1_UOB_LRV0_1_genomic	rna-Dmagna018095-T1	rna-Dmagna018095-T1	strict	CM058177.1	574978	578626	-
CM058177.1_574978-578788r	CM058177.1_574978-578788r_X5-574993-578788-IRN_051559	IRN_051559	reject	Dmagna_LRV_snap-aug	maker-CM058177.1-snap-gene-1.1099-mRNA-1	maker-CM058177.1-snap-gene-1.1099-mRNA-1	fail	CM058177.1	574993	578788	-
CM058177.1_4256928-4259682f	CM058177.1_4256928-4259682f_X1-4256928-4259682-IRN_002019	IRN_002019	accept	Dmagna_LRV_IRs_braker_fixed	g11810.t1	g11810.t1	strict	CM058177.1	4256928	4259682	+
CM058177.1_4256928-4259682f	CM058177.1_4256928-4259682f_X2-4256928-4259682-IRN_002020	IRN_002020	accept	Dmagna_LRV_IRs_braker_fixed	g11810.t2	g11810.t2	strict	CM058177.1	4256928	4259682	+
CM058177.1_4256928-4259682f	CM058177.1_4256928-4259682f_X3-4256928-4259682-IRN_018723	IRN_018723	accept	Dmagna_LRV_rnd1	maker-CM058177.1-exonerate_protein2genome-gene-0.8-mRNA-1	maker-CM058177.1-exonerate_protein2genome-gene-0.8-mRNA-1	strict	CM058177.1	4256928	4259682	+
CM058177.1_4256928-4259682f	CM058177.1_4256928-4259682f_X4-4256928-4259682-IRN_051556	IRN_051556	accept	Dmagna_LRV_snap-aug	maker-CM058177.1-augustus-gene-1.0-mRNA-1	maker-CM058177.1-augustus-gene-1.0-mRNA-1	strict	CM058177.1	4256928	4259682	+
CM058177.1_4256928-4259682f	CM058177.1_4256928-4259682f_X5-4257221-4259682-IRN_038096	IRN_038096	reject	GCA_030254905.1_UOB_LRV0_1_genomic	rna-Dmagna019183-T1	rna-Dmagna019183-T1	relaxed	CM058177.1	4257221	4259682	+
CM058177.1_4459795-4470559f	CM058177.1_4459795-4470559f_X1-4459795-4465787-IRN_038181	IRN_038181	reject	GCA_030254905.1_UOB_LRV0_1_genomic	rna-Dmagna019291-T1	rna-Dmagna019291-T1	fail	CM058177.1	4459795	4465787	+
CM058177.1_4459795-4470559f	CM058177.1_4459795-4470559f_X2-4459938-4461802-IRN_002072	IRN_002072	accept	Dmagna_LRV_IRs_braker_fixed	g11858.t1	g11858.t1	strict	CM058177.1	4459938	4461802	+
CM058177.1_4459795-4470559f	CM058177.1_4459795-4470559f_X3-4459938-4461802-IRN_018716	IRN_018716	accept	Dmagna_LRV_rnd1	maker-CM058177.1-exonerate_est2genome-gene-0.1-mRNA-1	maker-CM058177.1-exonerate_est2genome-gene-0.1-mRNA-1	strict	CM058177.1	4459938	4461802	+
CM058177.1_4459795-4470559f	CM058177.1_4459795-4470559f_X4-4459938-4470559-IRN_051558	IRN_051558	reject	Dmagna_LRV_snap-aug	maker-CM058177.1-snap-gene-1.1097-mRNA-1	maker-CM058177.1-snap-gene-1.1097-mRNA-1	fail	CM058177.1	4459938	4470559	+
CM058177.1_4459795-4470559f	CM058177.1_4459795-4470559f_X5-4463741-4465787-IRN_002073	IRN_002073	accept	Dmagna_LRV_IRs_braker_fixed	g11859.t1	g11859.t1	strict	CM058177.1	4463741	4465787	+
CM058177.1_4459795-4470559f	CM058177.1_4459795-4470559f_X6-4463741-4470559-IRN_018717	IRN_018717	reject	Dmagna_LRV_rnd1	maker-CM058177.1-exonerate_protein2genome-gene-0.12-mRNA-1	maker-CM058177.1-exonerate_protein2genome-gene-0.12-mRNA-1	strict	CM058177.1	4463741	4470559	+
CM058177.1_4459795-4470559f	CM058177.1_4459795-4470559f_X7-4468505-4470559-IRN_002075	IRN_002075	accept	Dmagna_LRV_IRs_braker_fixed	g11860.t1	g11860.t1	strict	CM058177.1	4468505	4470559	+
CM058177.1_4459795-4470559f	CM058177.1_4459795-4470559f_X8-4468748-4470559-IRN_038183	IRN_038183	reject	GCA_030254905.1_UOB_LRV0_1_genomic	rna-Dmagna019293-T1	rna-Dmagna019293-T1	relaxed	CM058177.1	4468748	4470559	+
CM058177.1_4977247-4980456f	CM058177.1_4977247-4980456f_X1-4977247-4980456-IRN_002185	IRN_002185	accept	Dmagna_LRV_IRs_braker_fixed	g11959.t1	g11959.t1	strict	CM058177.1	4977247	4980456	+
CM058177.1_4977247-4980456f	CM058177.1_4977247-4980456f_X2-4977247-4980456-IRN_018718	IRN_018718	accept	Dmagna_LRV_rnd1	maker-CM058177.1-exonerate_protein2genome-gene-0.31-mRNA-1	maker-CM058177.1-exonerate_protein2genome-gene-0.31-mRNA-1	strict	CM058177.1	4977247	4980456	+
CM058177.1_4977247-4980456f	CM058177.1_4977247-4980456f_X3-4977247-4980456-IRN_051557	IRN_051557	accept	Dmagna_LRV_snap-aug	maker-CM058177.1-exonerate_protein2genome-gene-0.31-mRNA-1	maker-CM058177.1-exonerate_protein2genome-gene-0.31-mRNA-1	strict	CM058177.1	4977247	4980456	+
CM058177.1_4977247-4980456f	CM058177.1_4977247-4980456f_X4-4977519-4978664-IRN_038359	IRN_038359	reject	GCA_030254905.1_UOB_LRV0_1_genomic	rna-Dmagna019470-T1	rna-Dmagna019470-T1	fail	CM058177.1	4977519	4978664	+
CM058177.1_4977247-4980456f	CM058177.1_4977247-4980456f_X5-4978805-4980125-IRN_038360	IRN_038360	reject	GCA_030254905.1_UOB_LRV0_1_genomic	rna-Dmagna019471-T1	rna-Dmagna019471-T1	fail	CM058177.1	4978805	4980125	+
CM058177.1_5143023-5159830r	CM058177.1_5143023-5159830r_X1-5143023-5144932-IRN_002214	IRN_002214	accept	Dmagna_LRV_IRs_braker_fixed	g11984.t1	g11984.t1	strict	CM058177.1	5143023	5144932	-
CM058177.1_5143023-5159830r	CM058177.1_5143023-5159830r_X2-5143023-5144932-IRN_018720	IRN_018720	accept	Dmagna_LRV_rnd1	maker-CM058177.1-exonerate_protein2genome-gene-0.38-mRNA-1	maker-CM058177.1-exonerate_protein2genome-gene-0.38-mRNA-1	strict	CM058177.1	5143023	5144932	-
CM058177.1_5143023-5159830r	CM058177.1_5143023-5159830r_X3-5143023-5144932-IRN_038405	IRN_038405	accept	GCA_030254905.1_UOB_LRV0_1_genomic	rna-Dmagna019516-T1	rna-Dmagna019516-T1	strict	CM058177.1	5143023	5144932	-
CM058177.1_5143023-5159830r	CM058177.1_5143023-5159830r_X4-5143023-5144962-IRN_002215	IRN_002215	accept	Dmagna_LRV_IRs_braker_fixed	g11984.t2	g11984.t2	strict	CM058177.1	5143023	5144962	-
CM058177.1_5143023-5159830r	CM058177.1_5143023-5159830r_X5-5143023-5159830-IRN_051560	IRN_051560	reject	Dmagna_LRV_snap-aug	maker-CM058177.1-snap-gene-1.1100-mRNA-1	maker-CM058177.1-snap-gene-1.1100-mRNA-1	fail	CM058177.1	5143023	5159830	-
CM058177.1_5143023-5159830r	CM058177.1_5143023-5159830r_X6-5154574-5156495-IRN_002216	IRN_002216	accept	Dmagna_LRV_IRs_braker_fixed	g11985.t1	g11985.t1	strict	CM058177.1	5154574	5156495	-
CM058177.1_5143023-5159830r	CM058177.1_5143023-5159830r_X7-5154574-5156495-IRN_018721	IRN_018721	accept	Dmagna_LRV_rnd1	maker-CM058177.1-exonerate_protein2genome-gene-0.39-mRNA-1	maker-CM058177.1-exonerate_protein2genome-gene-0.39-mRNA-1	strict	CM058177.1	5154574	5156495	-
CM058177.1_5143023-5159830r	CM058177.1_5143023-5159830r_X8-5154883-5156495-IRN_038406	IRN_038406	reject	GCA_030254905.1_UOB_LRV0_1_genomic	rna-Dmagna019517-T1	rna-Dmagna019517-T1	fail	CM058177.1	5154883	5156495	-
CM058177.1_5143023-5159830r	CM058177.1_5143023-5159830r_X9-5157858-5159830-IRN_002217	IRN_002217	accept	Dmagna_LRV_IRs_braker_fixed	g11986.t1	g11986.t1	strict	CM058177.1	5157858	5159830	-
CM058177.1_5143023-5159830r	CM058177.1_5143023-5159830r_X10-5157858-5159830-IRN_018722	IRN_018722	accept	Dmagna_LRV_rnd1	maker-CM058177.1-exonerate_protein2genome-gene-0.40-mRNA-1	maker-CM058177.1-exonerate_protein2genome-gene-0.40-mRNA-1	strict	CM058177.1	5157858	5159830	-
CM058177.1_5143023-5159830r	CM058177.1_5143023-5159830r_X11-5158731-5159830-IRN_038407	IRN_038407	reject	GCA_030254905.1_UOB_LRV0_1_genomic	rna-Dmagna019518-T1	rna-Dmagna019518-T1	fail	CM058177.1	5158731	5159830	-
CM058178.1_716185-718189f	CM058178.1_716185-718189f_X1-716185-718189-IRN_003466	IRN_003466	accept	Dmagna_LRV_IRs_braker_fixed	g13107.t2	g13107.t2	strict	CM058178.1	716185	718189	+
CM058178.1_716185-718189f	CM058178.1_716185-718189f_X2-716251-718189-IRN_003465	IRN_003465	accept	Dmagna_LRV_IRs_braker_fixed	g13107.t1	g13107.t1	strict	CM058178.1	716251	718189	+
CM058178.1_716185-718189f	CM058178.1_716185-718189f_X3-716251-718189-IRN_018724	IRN_018724	accept	Dmagna_LRV_rnd1	maker-CM058178.1-exonerate_protein2genome-gene-0.3-mRNA-1	maker-CM058178.1-exonerate_protein2genome-gene-0.3-mRNA-1	strict	CM058178.1	716251	718189	+
CM058178.1_716185-718189f	CM058178.1_716185-718189f_X4-716251-718189-IRN_048920	IRN_048920	accept	GCA_030254905.1_UOB_LRV0_1_genomic	rna-Dmagna031580-T1	rna-Dmagna031580-T1	strict	CM058178.1	716251	718189	+
CM058178.1_716185-718189f	CM058178.1_716185-718189f_X5-716251-718189-IRN_051561	IRN_051561	accept	Dmagna_LRV_snap-aug	maker-CM058178.1-augustus-gene-1.733-mRNA-1	maker-CM058178.1-augustus-gene-1.733-mRNA-1	strict	CM058178.1	716251	718189	+
CM058178.1_2462359-2464348r	CM058178.1_2462359-2464348r_X1-2462359-2464348-IRN_003685	IRN_003685	accept	Dmagna_LRV_IRs_braker_fixed	g13304.t1	g13304.t1	strict	CM058178.1	2462359	2464348	-
CM058178.1_2462359-2464348r	CM058178.1_2462359-2464348r_X2-2462359-2464348-IRN_049333	IRN_049333	accept	GCA_030254905.1_UOB_LRV0_1_genomic	rna-Dmagna031980-T1	rna-Dmagna031980-T1	strict	CM058178.1	2462359	2464348	-
CM058178.1_2462359-2464348r	CM058178.1_2462359-2464348r_X3-2462359-2464348-IRN_051562	IRN_051562	accept	Dmagna_LRV_snap-aug	maker-CM058178.1-augustus-gene-1.802-mRNA-1	maker-CM058178.1-augustus-gene-1.802-mRNA-1	strict	CM058178.1	2462359	2464348	-
CM058178.1_2462359-2464348r	CM058178.1_2462359-2464348r_X4-2462401-2464348-IRN_018726	IRN_018726	accept	Dmagna_LRV_rnd1	maker-CM058178.1-exonerate_protein2genome-gene-0.6-mRNA-1	maker-CM058178.1-exonerate_protein2genome-gene-0.6-mRNA-1	strict	CM058178.1	2462401	2464348	-
CM058178.1_2697718-2704887f	CM058178.1_2697718-2704887f_X1-2697718-2702496-IRN_049395	IRN_049395	reject	GCA_030254905.1_UOB_LRV0_1_genomic	rna-Dmagna032037-T1	rna-Dmagna032037-T1	fail	CM058178.1	2697718	2702496	+
CM058178.1_2697718-2704887f	CM058178.1_2697718-2704887f_X2-2700436-2704827-IRN_051563	IRN_051563	reject	Dmagna_LRV_snap-aug	maker-CM058178.1-snap-gene-1.728-mRNA-1	maker-CM058178.1-snap-gene-1.728-mRNA-1	fail	CM058178.1	2700436	2704827	+
CM058178.1_2697718-2704887f	CM058178.1_2697718-2704887f_X3-2700475-2702496-IRN_003720	IRN_003720	accept	Dmagna_LRV_IRs_braker_fixed	g13336.t1	g13336.t1	strict	CM058178.1	2700475	2702496	+
CM058178.1_2697718-2704887f	CM058178.1_2697718-2704887f_X4-2700475-2702496-IRN_018725	IRN_018725	accept	Dmagna_LRV_rnd1	maker-CM058178.1-exonerate_protein2genome-gene-0.5-mRNA-1	maker-CM058178.1-exonerate_protein2genome-gene-0.5-mRNA-1	strict	CM058178.1	2700475	2702496	+
CM058178.1_2697718-2704887f	CM058178.1_2697718-2704887f_X5-2703195-2704887-IRN_003721	IRN_003721	reject	Dmagna_LRV_IRs_braker_fixed	g13337.t1	g13337.t1	fail	CM058178.1	2703195	2704887	+
CM058179.1_3873415-3880370f	CM058179.1_3873415-3880370f_X1-3873415-3880370-IRN_005416	IRN_005416	reject	Dmagna_LRV_IRs_braker_fixed	g14863.t1	g14863.t1	fail	CM058179.1	3873415	3880370	+
CM058179.1_3873415-3880370f	CM058179.1_3873415-3880370f_X2-3873415-3880370-IRN_005417	IRN_005417	reject	Dmagna_LRV_IRs_braker_fixed	g14863.t2	g14863.t2	fail	CM058179.1	3873415	3880370	+
CM058179.1_3873415-3880370f	CM058179.1_3873415-3880370f_X3-3877656-3879172-IRN_044479	IRN_044479	reject	GCA_030254905.1_UOB_LRV0_1_genomic	rna-Dmagna026277-T1	rna-Dmagna026277-T1	fail	CM058179.1	3877656	3879172	+
CM058179.1_3873415-3880370f	CM058179.1_3873415-3880370f_X4-3877783-3880370-IRN_051564	IRN_051564	accept	Dmagna_LRV_snap-aug	maker-CM058179.1-augustus-gene-1.812-mRNA-1	maker-CM058179.1-augustus-gene-1.812-mRNA-1	relaxed	CM058179.1	3877783	3880370	+
CM058179.1_3873415-3880370f	CM058179.1_3873415-3880370f_X5-3878746-3880370-IRN_018727	IRN_018727	accept	Dmagna_LRV_rnd1	maker-CM058179.1-exonerate_est2genome-gene-0.0-mRNA-1	maker-CM058179.1-exonerate_est2genome-gene-0.0-mRNA-1	relaxed	CM058179.1	3878746	3880370	+
CM058179.1_6006418-6010736f	CM058179.1_6006418-6010736f_X1-6006418-6008330-IRN_005737	IRN_005737	accept	Dmagna_LRV_IRs_braker_fixed	g15150.t1	g15150.t1	strict	CM058179.1	6006418	6008330	+
CM058179.1_6006418-6010736f	CM058179.1_6006418-6010736f_X2-6006418-6008330-IRN_018728	IRN_018728	accept	Dmagna_LRV_rnd1	maker-CM058179.1-exonerate_est2genome-gene-0.1-mRNA-1	maker-CM058179.1-exonerate_est2genome-gene-0.1-mRNA-1	strict	CM058179.1	6006418	6008330	+
CM058179.1_6006418-6010736f	CM058179.1_6006418-6010736f_X3-6006418-6008330-IRN_045047	IRN_045047	accept	GCA_030254905.1_UOB_LRV0_1_genomic	rna-Dmagna026812-T1	rna-Dmagna026812-T1	strict	CM058179.1	6006418	6008330	+
CM058179.1_6006418-6010736f	CM058179.1_6006418-6010736f_X4-6006418-6010736-IRN_051571	IRN_051571	reject	Dmagna_LRV_snap-aug	maker-CM058179.1-snap-gene-1.802-mRNA-1	maker-CM058179.1-snap-gene-1.802-mRNA-1	fail	CM058179.1	6006418	6010736	+
CM058179.1_6006418-6010736f	CM058179.1_6006418-6010736f_X5-6008849-6010736-IRN_005738	IRN_005738	accept	Dmagna_LRV_IRs_braker_fixed	g15151.t1	g15151.t1	strict	CM058179.1	6008849	6010736	+
CM058179.1_6006418-6010736f	CM058179.1_6006418-6010736f_X6-6008849-6010736-IRN_018729	IRN_018729	accept	Dmagna_LRV_rnd1	maker-CM058179.1-exonerate_est2genome-gene-0.2-mRNA-1	maker-CM058179.1-exonerate_est2genome-gene-0.2-mRNA-1	strict	CM058179.1	6008849	6010736	+
CM058179.1_6006418-6010736f	CM058179.1_6006418-6010736f_X7-6008849-6010736-IRN_045048	IRN_045048	accept	GCA_030254905.1_UOB_LRV0_1_genomic	rna-Dmagna026813-T1	rna-Dmagna026813-T1	strict	CM058179.1	6008849	6010736	+
CM058179.1_6013505-6014969r	CM058179.1_6013505-6014969r_X1-6013505-6014656-IRN_005740	IRN_005740	reject	Dmagna_LRV_IRs_braker_fixed	g15152.t2	g15152.t2	fail	CM058179.1	6013505	6014656	-
CM058179.1_6013505-6014969r	CM058179.1_6013505-6014969r_X2-6013505-6014656-IRN_018731	IRN_018731	reject	Dmagna_LRV_rnd1	maker-CM058179.1-exonerate_est2genome-gene-0.4-mRNA-1	maker-CM058179.1-exonerate_est2genome-gene-0.4-mRNA-1	fail	CM058179.1	6013505	6014656	-
CM058179.1_6013505-6014969r	CM058179.1_6013505-6014969r_X3-6013505-6014656-IRN_051567	IRN_051567	reject	Dmagna_LRV_snap-aug	maker-CM058179.1-exonerate_est2genome-gene-0.4-mRNA-1	maker-CM058179.1-exonerate_est2genome-gene-0.4-mRNA-1	fail	CM058179.1	6013505	6014656	-
CM058179.1_6013505-6014969r	CM058179.1_6013505-6014969r_X4-6013505-6014969-IRN_005739	IRN_005739	reject	Dmagna_LRV_IRs_braker_fixed	g15152.t1	g15152.t1	fail	CM058179.1	6013505	6014969	-
CM058179.1_6110901-6112939r	CM058179.1_6110901-6112939r_X1-6110901-6112939-IRN_005750	IRN_005750	accept	Dmagna_LRV_IRs_braker_fixed	g15161.t1	g15161.t1	strict	CM058179.1	6110901	6112939	-
CM058179.1_6110901-6112939r	CM058179.1_6110901-6112939r_X2-6110901-6112939-IRN_018732	IRN_018732	accept	Dmagna_LRV_rnd1	maker-CM058179.1-exonerate_est2genome-gene-0.5-mRNA-1	maker-CM058179.1-exonerate_est2genome-gene-0.5-mRNA-1	strict	CM058179.1	6110901	6112939	-
CM058179.1_6110901-6112939r	CM058179.1_6110901-6112939r_X3-6110901-6112939-IRN_051568	IRN_051568	accept	Dmagna_LRV_snap-aug	maker-CM058179.1-exonerate_est2genome-gene-0.5-mRNA-1	maker-CM058179.1-exonerate_est2genome-gene-0.5-mRNA-1	strict	CM058179.1	6110901	6112939	-
CM058179.1_6110901-6112939r	CM058179.1_6110901-6112939r_X4-6111412-6112393-IRN_045071	IRN_045071	reject	GCA_030254905.1_UOB_LRV0_1_genomic	rna-Dmagna026838-T1	rna-Dmagna026838-T1	fail	CM058179.1	6111412	6112393	-
CM058179.1_6207266-6210288r	CM058179.1_6207266-6210288r_X1-6207266-6210288-IRN_005768	IRN_005768	accept	Dmagna_LRV_IRs_braker_fixed	g15178.t1	g15178.t1	strict	CM058179.1	6207266	6210288	-
CM058179.1_6207266-6210288r	CM058179.1_6207266-6210288r_X2-6207266-6210288-IRN_005769	IRN_005769	accept	Dmagna_LRV_IRs_braker_fixed	g15178.t2	g15178.t2	strict	CM058179.1	6207266	6210288	-
CM058179.1_6207266-6210288r	CM058179.1_6207266-6210288r_X3-6207266-6210288-IRN_018733	IRN_018733	accept	Dmagna_LRV_rnd1	maker-CM058179.1-exonerate_est2genome-gene-0.6-mRNA-1	maker-CM058179.1-exonerate_est2genome-gene-0.6-mRNA-1	strict	CM058179.1	6207266	6210288	-
CM058179.1_6207266-6210288r	CM058179.1_6207266-6210288r_X4-6207266-6210288-IRN_045100	IRN_045100	accept	GCA_030254905.1_UOB_LRV0_1_genomic	rna-Dmagna026866-T1	rna-Dmagna026866-T1	strict	CM058179.1	6207266	6210288	-
CM058179.1_6207266-6210288r	CM058179.1_6207266-6210288r_X5-6207266-6210288-IRN_051569	IRN_051569	accept	Dmagna_LRV_snap-aug	maker-CM058179.1-exonerate_est2genome-gene-0.6-mRNA-1	maker-CM058179.1-exonerate_est2genome-gene-0.6-mRNA-1	strict	CM058179.1	6207266	6210288	-
CM058179.1_6224278-6226266r	CM058179.1_6224278-6226266r_X1-6224278-6225345-IRN_045105	IRN_045105	reject	GCA_030254905.1_UOB_LRV0_1_genomic	rna-Dmagna026871-T1	rna-Dmagna026871-T1	relaxed	CM058179.1	6224278	6225345	-
CM058179.1_6224278-6226266r	CM058179.1_6224278-6226266r_X2-6224278-6226068-IRN_005773	IRN_005773	accept	Dmagna_LRV_IRs_braker_fixed	g15181.t1	g15181.t1	strict	CM058179.1	6224278	6226068	-
CM058179.1_6224278-6226266r	CM058179.1_6224278-6226266r_X3-6224278-6226266-IRN_018737	IRN_018737	accept	Dmagna_LRV_rnd1	maker-CM058179.1-exonerate_protein2genome-gene-0.67-mRNA-1	maker-CM058179.1-exonerate_protein2genome-gene-0.67-mRNA-1	strict	CM058179.1	6224278	6226266	-
CM058179.1_6224278-6226266r	CM058179.1_6224278-6226266r_X4-6224278-6226266-IRN_051570	IRN_051570	accept	Dmagna_LRV_snap-aug	maker-CM058179.1-exonerate_protein2genome-gene-0.67-mRNA-1	maker-CM058179.1-exonerate_protein2genome-gene-0.67-mRNA-1	strict	CM058179.1	6224278	6226266	-
CM058179.1_6228249-6235292f	CM058179.1_6228249-6235292f_X1-6228249-6235292-IRN_051572	IRN_051572	reject	Dmagna_LRV_snap-aug	maker-CM058179.1-snap-gene-1.803-mRNA-1	maker-CM058179.1-snap-gene-1.803-mRNA-1	fail	CM058179.1	6228249	6235292	+
CM058179.1_6228249-6235292f	CM058179.1_6228249-6235292f_X2-6228336-6230204-IRN_005774	IRN_005774	accept	Dmagna_LRV_IRs_braker_fixed	g15182.t1	g15182.t1	strict	CM058179.1	6228336	6230204	+
CM058179.1_6228249-6235292f	CM058179.1_6228249-6235292f_X3-6228336-6230527-IRN_045106	IRN_045106	accept	GCA_030254905.1_UOB_LRV0_1_genomic	rna-Dmagna026872-T1	rna-Dmagna026872-T1	strict	CM058179.1	6228336	6230527	+
CM058179.1_6228249-6235292f	CM058179.1_6228249-6235292f_X4-6228336-6232487-IRN_018734	IRN_018734	reject	Dmagna_LRV_rnd1	maker-CM058179.1-exonerate_protein2genome-gene-0.15-mRNA-1	maker-CM058179.1-exonerate_protein2genome-gene-0.15-mRNA-1	strict	CM058179.1	6228336	6232487	+
CM058179.1_6228249-6235292f	CM058179.1_6228249-6235292f_X5-6230682-6232487-IRN_005775	IRN_005775	accept	Dmagna_LRV_IRs_braker_fixed	g15183.t1	g15183.t1	strict	CM058179.1	6230682	6232487	+
CM058179.1_6228249-6235292f	CM058179.1_6228249-6235292f_X6-6230682-6232597-IRN_045107	IRN_045107	accept	GCA_030254905.1_UOB_LRV0_1_genomic	rna-Dmagna026873-T1	rna-Dmagna026873-T1	strict	CM058179.1	6230682	6232597	+
CM058179.1_6368669-6370513f	CM058179.1_6368669-6370513f_X1-6368669-6370513-IRN_005803	IRN_005803	accept	Dmagna_LRV_IRs_braker_fixed	g15208.t1	g15208.t1	strict	CM058179.1	6368669	6370513	+
CM058179.1_6368669-6370513f	CM058179.1_6368669-6370513f_X2-6368669-6370513-IRN_045154	IRN_045154	accept	GCA_030254905.1_UOB_LRV0_1_genomic	rna-Dmagna026941-T1	rna-Dmagna026941-T1	strict	CM058179.1	6368669	6370513	+
CM058179.1_6368669-6370513f	CM058179.1_6368669-6370513f_X3-6368669-6370513-IRN_051515	IRN_051515	accept	Dmagna_LRV_snap-aug	augustus_masked-CM058179.1-processed-gene-1.464-mRNA-1	augustus_masked-CM058179.1-processed-gene-1.464-mRNA-1	strict	CM058179.1	6368669	6370513	+
CM058179.1_6368669-6370513f	CM058179.1_6368669-6370513f_X4-6369032-6370513-IRN_018735	IRN_018735	reject	Dmagna_LRV_rnd1	maker-CM058179.1-exonerate_protein2genome-gene-0.26-mRNA-1	maker-CM058179.1-exonerate_protein2genome-gene-0.26-mRNA-1	relaxed	CM058179.1	6369032	6370513	+
CM058179.1_8124966-8128196f	CM058179.1_8124966-8128196f_X1-8124966-8128196-IRN_051565	IRN_051565	accept	Dmagna_LRV_snap-aug	maker-CM058179.1-augustus-gene-1.816-mRNA-1	maker-CM058179.1-augustus-gene-1.816-mRNA-1	strict	CM058179.1	8124966	8128196	+
CM058179.1_8124966-8128196f	CM058179.1_8124966-8128196f_X2-8125345-8128196-IRN_018736	IRN_018736	reject	Dmagna_LRV_rnd1	maker-CM058179.1-exonerate_protein2genome-gene-0.31-mRNA-1	maker-CM058179.1-exonerate_protein2genome-gene-0.31-mRNA-1	relaxed	CM058179.1	8125345	8128196	+
CM058179.1_8124966-8128196f	CM058179.1_8124966-8128196f_X3-8126774-8127863-IRN_045533	IRN_045533	reject	GCA_030254905.1_UOB_LRV0_1_genomic	rna-Dmagna027595-T1	rna-Dmagna027595-T1	fail	CM058179.1	8126774	8127863	+
CM058179.1_8124966-8128196f	CM058179.1_8124966-8128196f_X4-8126774-8128196-IRN_006067	IRN_006067	reject	Dmagna_LRV_IRs_braker_fixed	g15446.t1	g15446.t1	relaxed	CM058179.1	8126774	8128196	+
CM058179.1_8124966-8128196f	CM058179.1_8124966-8128196f_X5-8126774-8128196-IRN_006068	IRN_006068	reject	Dmagna_LRV_IRs_braker_fixed	g15446.t2	g15446.t2	relaxed	CM058179.1	8126774	8128196	+
CM058179.1_8124966-8128196f	CM058179.1_8124966-8128196f_X6-8126774-8128196-IRN_045534	IRN_045534	reject	GCA_030254905.1_UOB_LRV0_1_genomic	rna-Dmagna027595-T2	rna-Dmagna027595-T2	relaxed	CM058179.1	8126774	8128196	+
CM058179.1_8614942-8617065f	CM058179.1_8614942-8617065f_X1-8614942-8617065-IRN_051566	IRN_051566	accept	Dmagna_LRV_snap-aug	maker-CM058179.1-augustus-gene-1.817-mRNA-1	maker-CM058179.1-augustus-gene-1.817-mRNA-1	strict	CM058179.1	8614942	8617065	+
CM058179.1_8614942-8617065f	CM058179.1_8614942-8617065f_X2-8615002-8617065-IRN_006145	IRN_006145	accept	Dmagna_LRV_IRs_braker_fixed	g15514.t1	g15514.t1	strict	CM058179.1	8615002	8617065	+
CM058179.1_8614942-8617065f	CM058179.1_8614942-8617065f_X3-8615002-8617065-IRN_006146	IRN_006146	accept	Dmagna_LRV_IRs_braker_fixed	g15514.t2	g15514.t2	strict	CM058179.1	8615002	8617065	+
CM058179.1_8614942-8617065f	CM058179.1_8614942-8617065f_X4-8615002-8617065-IRN_006147	IRN_006147	accept	Dmagna_LRV_IRs_braker_fixed	g15514.t3	g15514.t3	strict	CM058179.1	8615002	8617065	+
CM058179.1_8614942-8617065f	CM058179.1_8614942-8617065f_X5-8615002-8617065-IRN_018730	IRN_018730	accept	Dmagna_LRV_rnd1	maker-CM058179.1-exonerate_est2genome-gene-0.3-mRNA-1	maker-CM058179.1-exonerate_est2genome-gene-0.3-mRNA-1	strict	CM058179.1	8615002	8617065	+
CM058179.1_8614942-8617065f	CM058179.1_8614942-8617065f_X6-8615002-8617065-IRN_045650	IRN_045650	accept	GCA_030254905.1_UOB_LRV0_1_genomic	rna-Dmagna027741-T1	rna-Dmagna027741-T1	strict	CM058179.1	8615002	8617065	+
CM058179.1_8614942-8617065f	CM058179.1_8614942-8617065f_X7-8615592-8617065-IRN_045651	IRN_045651	reject	GCA_030254905.1_UOB_LRV0_1_genomic	rna-Dmagna027741-T2	rna-Dmagna027741-T2	relaxed	CM058179.1	8615592	8617065	+
CM058180.1_186083-195798f	CM058180.1_186083-195798f_X1-186083-188420-IRN_006568	IRN_006568	accept	Dmagna_LRV_IRs_braker_fixed	g15894.t1	g15894.t1	strict	CM058180.1	186083	188420	+
CM058180.1_186083-195798f	CM058180.1_186083-195798f_X2-186083-188420-IRN_018739	IRN_018739	accept	Dmagna_LRV_rnd1	maker-CM058180.1-exonerate_protein2genome-gene-0.14-mRNA-1	maker-CM058180.1-exonerate_protein2genome-gene-0.14-mRNA-1	strict	CM058180.1	186083	188420	+
CM058180.1_186083-195798f	CM058180.1_186083-195798f_X3-186083-194571-IRN_051575	IRN_051575	reject	Dmagna_LRV_snap-aug	maker-CM058180.1-snap-gene-1.911-mRNA-1	maker-CM058180.1-snap-gene-1.911-mRNA-1	fail	CM058180.1	186083	194571	+
CM058180.1_186083-195798f	CM058180.1_186083-195798f_X4-186167-188420-IRN_006569	IRN_006569	accept	Dmagna_LRV_IRs_braker_fixed	g15894.t2	g15894.t2	strict	CM058180.1	186167	188420	+
CM058180.1_186083-195798f	CM058180.1_186083-195798f_X5-186842-187871-IRN_046228	IRN_046228	reject	GCA_030254905.1_UOB_LRV0_1_genomic	rna-Dmagna028603-T1	rna-Dmagna028603-T1	fail	CM058180.1	186842	187871	+
CM058180.1_186083-195798f	CM058180.1_186083-195798f_X6-192330-194580-IRN_006571	IRN_006571	accept	Dmagna_LRV_IRs_braker_fixed	g15896.t1	g15896.t1	strict	CM058180.1	192330	194580	+
CM058180.1_186083-195798f	CM058180.1_186083-195798f_X7-192330-195798-IRN_046231	IRN_046231	accept	GCA_030254905.1_UOB_LRV0_1_genomic	rna-Dmagna028605-T2	rna-Dmagna028605-T2	strict	CM058180.1	192330	195798	+
CM058180.1_186083-195798f	CM058180.1_186083-195798f_X8-192420-194580-IRN_006572	IRN_006572	accept	Dmagna_LRV_IRs_braker_fixed	g15896.t2	g15896.t2	strict	CM058180.1	192420	194580	+
CM058180.1_186083-195798f	CM058180.1_186083-195798f_X9-192420-194580-IRN_018738	IRN_018738	accept	Dmagna_LRV_rnd1	maker-CM058180.1-exonerate_protein2genome-gene-0.13-mRNA-1	maker-CM058180.1-exonerate_protein2genome-gene-0.13-mRNA-1	strict	CM058180.1	192420	194580	+
CM058180.1_186083-195798f	CM058180.1_186083-195798f_X10-192878-195798-IRN_046230	IRN_046230	reject	GCA_030254905.1_UOB_LRV0_1_genomic	rna-Dmagna028605-T1	rna-Dmagna028605-T1	relaxed	CM058180.1	192878	195798	+
CM058180.1_443425-445401f	CM058180.1_443425-445401f_X1-443425-444918-IRN_046303	IRN_046303	reject	GCA_030254905.1_UOB_LRV0_1_genomic	rna-Dmagna028679-T1	rna-Dmagna028679-T1	fail	CM058180.1	443425	444918	+
CM058180.1_443425-445401f	CM058180.1_443425-445401f_X2-443425-445401-IRN_006620	IRN_006620	accept	Dmagna_LRV_IRs_braker_fixed	g15939.t1	g15939.t1	strict	CM058180.1	443425	445401	+
CM058180.1_443425-445401f	CM058180.1_443425-445401f_X3-443425-445401-IRN_018740	IRN_018740	accept	Dmagna_LRV_rnd1	maker-CM058180.1-exonerate_protein2genome-gene-0.30-mRNA-1	maker-CM058180.1-exonerate_protein2genome-gene-0.30-mRNA-1	strict	CM058180.1	443425	445401	+
CM058180.1_443425-445401f	CM058180.1_443425-445401f_X4-443425-445401-IRN_051573	IRN_051573	accept	Dmagna_LRV_snap-aug	maker-CM058180.1-augustus-gene-1.922-mRNA-1	maker-CM058180.1-augustus-gene-1.922-mRNA-1	strict	CM058180.1	443425	445401	+
CM058180.1_443425-445401f	CM058180.1_443425-445401f_X5-443485-445401-IRN_006621	IRN_006621	reject	Dmagna_LRV_IRs_braker_fixed	g15939.t2	g15939.t2	relaxed	CM058180.1	443485	445401	+
CM058180.1_872376-887404r	CM058180.1_872376-887404r_X1-872376-874547-IRN_006687	IRN_006687	accept	Dmagna_LRV_IRs_braker_fixed	g15999.t1	g15999.t1	strict	CM058180.1	872376	874547	-
CM058180.1_872376-887404r	CM058180.1_872376-887404r_X2-872376-874547-IRN_018745	IRN_018745	accept	Dmagna_LRV_rnd1	maker-CM058180.1-exonerate_protein2genome-gene-0.44-mRNA-1	maker-CM058180.1-exonerate_protein2genome-gene-0.44-mRNA-1	strict	CM058180.1	872376	874547	-
CM058180.1_872376-887404r	CM058180.1_872376-887404r_X3-872376-874547-IRN_046435	IRN_046435	reject	GCA_030254905.1_UOB_LRV0_1_genomic	rna-Dmagna028808-T1	rna-Dmagna028808-T1	relaxed	CM058180.1	872376	874547	-
CM058180.1_872376-887404r	CM058180.1_872376-887404r_X4-872376-887404-IRN_051578	IRN_051578	reject	Dmagna_LRV_snap-aug	maker-CM058180.1-snap-gene-1.916-mRNA-1	maker-CM058180.1-snap-gene-1.916-mRNA-1	fail	CM058180.1	872376	887404	-
CM058180.1_872376-887404r	CM058180.1_872376-887404r_X5-875017-883584-IRN_046436	IRN_046436	reject	GCA_030254905.1_UOB_LRV0_1_genomic	rna-Dmagna028809-T1	rna-Dmagna028809-T1	fail	CM058180.1	875017	883584	-
CM058180.1_872376-887404r	CM058180.1_872376-887404r_X6-877606-879860-IRN_006691	IRN_006691	accept	Dmagna_LRV_IRs_braker_fixed	g16000.t1	g16000.t1	strict	CM058180.1	877606	879860	-
CM058180.1_872376-887404r	CM058180.1_872376-887404r_X7-877606-879860-IRN_018744	IRN_018744	accept	Dmagna_LRV_rnd1	maker-CM058180.1-exonerate_protein2genome-gene-0.42-mRNA-1	maker-CM058180.1-exonerate_protein2genome-gene-0.42-mRNA-1	strict	CM058180.1	877606	879860	-
CM058180.1_872376-887404r	CM058180.1_872376-887404r_X8-877728-879845-IRN_006692	IRN_006692	accept	Dmagna_LRV_IRs_braker_fixed	g16000.t2	g16000.t2	strict	CM058180.1	877728	879845	-
CM058180.1_872376-887404r	CM058180.1_872376-887404r_X9-881442-883515-IRN_006694	IRN_006694	reject	Dmagna_LRV_IRs_braker_fixed	g16001.t2	g16001.t2	relaxed	CM058180.1	881442	883515	-
CM058180.1_872376-887404r	CM058180.1_872376-887404r_X10-881442-883584-IRN_006693	IRN_006693	accept	Dmagna_LRV_IRs_braker_fixed	g16001.t1	g16001.t1	strict	CM058180.1	881442	883584	-
CM058180.1_872376-887404r	CM058180.1_872376-887404r_X11-881442-883584-IRN_018746	IRN_018746	accept	Dmagna_LRV_rnd1	maker-CM058180.1-exonerate_protein2genome-gene-0.45-mRNA-1	maker-CM058180.1-exonerate_protein2genome-gene-0.45-mRNA-1	strict	CM058180.1	881442	883584	-
CM058180.1_872376-887404r	CM058180.1_872376-887404r_X12-885205-887299-IRN_006696	IRN_006696	accept	Dmagna_LRV_IRs_braker_fixed	g16002.t2	g16002.t2	strict	CM058180.1	885205	887299	-
CM058180.1_872376-887404r	CM058180.1_872376-887404r_X13-885205-887302-IRN_018747	IRN_018747	accept	Dmagna_LRV_rnd1	maker-CM058180.1-exonerate_protein2genome-gene-0.46-mRNA-1	maker-CM058180.1-exonerate_protein2genome-gene-0.46-mRNA-1	strict	CM058180.1	885205	887302	-
CM058180.1_872376-887404r	CM058180.1_872376-887404r_X14-885205-887302-IRN_046438	IRN_046438	accept	GCA_030254905.1_UOB_LRV0_1_genomic	rna-Dmagna028811-T1	rna-Dmagna028811-T1	strict	CM058180.1	885205	887302	-
CM058180.1_872376-887404r	CM058180.1_872376-887404r_X15-885210-887302-IRN_006695	IRN_006695	reject	Dmagna_LRV_IRs_braker_fixed	g16002.t1	g16002.t1	fail	CM058180.1	885210	887302	-
CM058180.1_944623-957518r	CM058180.1_944623-957518r_X1-944623-952738-IRN_051579	IRN_051579	reject	Dmagna_LRV_snap-aug	maker-CM058180.1-snap-gene-1.917-mRNA-1	maker-CM058180.1-snap-gene-1.917-mRNA-1	fail	CM058180.1	944623	952738	-
CM058180.1_944623-957518r	CM058180.1_944623-957518r_X2-946385-948939-IRN_046455	IRN_046455	reject	GCA_030254905.1_UOB_LRV0_1_genomic	rna-Dmagna028828-T1	rna-Dmagna028828-T1	relaxed	CM058180.1	946385	948939	-
CM058180.1_944623-957518r	CM058180.1_944623-957518r_X3-947009-949099-IRN_006708	IRN_006708	accept	Dmagna_LRV_IRs_braker_fixed	g16013.t1	g16013.t1	strict	CM058180.1	947009	949099	-
CM058180.1_944623-957518r	CM058180.1_944623-957518r_X4-947009-949099-IRN_018748	IRN_018748	accept	Dmagna_LRV_rnd1	maker-CM058180.1-exonerate_protein2genome-gene-0.61-mRNA-1	maker-CM058180.1-exonerate_protein2genome-gene-0.61-mRNA-1	strict	CM058180.1	947009	949099	-
CM058180.1_944623-957518r	CM058180.1_944623-957518r_X5-950600-952812-IRN_046456	IRN_046456	accept	GCA_030254905.1_UOB_LRV0_1_genomic	rna-Dmagna028829-T1	rna-Dmagna028829-T1	relaxed	CM058180.1	950600	952812	-
CM058180.1_944623-957518r	CM058180.1_944623-957518r_X6-950600-957518-IRN_006709	IRN_006709	reject	Dmagna_LRV_IRs_braker_fixed	g16014.t1	g16014.t1	fail	CM058180.1	950600	957518	-
CM058180.1_1876964-1882734f	CM058180.1_1876964-1882734f_X1-1876964-1879489-IRN_006822	IRN_006822	accept	Dmagna_LRV_IRs_braker_fixed	g16116.t1	g16116.t1	strict	CM058180.1	1876964	1879489	+
CM058180.1_1876964-1882734f	CM058180.1_1876964-1882734f_X2-1876964-1879489-IRN_018741	IRN_018741	accept	Dmagna_LRV_rnd1	maker-CM058180.1-exonerate_protein2genome-gene-0.37-mRNA-1	maker-CM058180.1-exonerate_protein2genome-gene-0.37-mRNA-1	strict	CM058180.1	1876964	1879489	+
CM058180.1_1876964-1882734f	CM058180.1_1876964-1882734f_X3-1876964-1882734-IRN_051576	IRN_051576	reject	Dmagna_LRV_snap-aug	maker-CM058180.1-snap-gene-1.913-mRNA-1	maker-CM058180.1-snap-gene-1.913-mRNA-1	fail	CM058180.1	1876964	1882734	+
CM058180.1_1876964-1882734f	CM058180.1_1876964-1882734f_X4-1880319-1882708-IRN_046681	IRN_046681	reject	GCA_030254905.1_UOB_LRV0_1_genomic	rna-Dmagna029068-T1	rna-Dmagna029068-T1	relaxed	CM058180.1	1880319	1882708	+
CM058180.1_1876964-1882734f	CM058180.1_1876964-1882734f_X5-1880385-1882708-IRN_006823	IRN_006823	accept	Dmagna_LRV_IRs_braker_fixed	g16117.t1	g16117.t1	strict	CM058180.1	1880385	1882708	+
CM058180.1_1876964-1882734f	CM058180.1_1876964-1882734f_X6-1880385-1882708-IRN_018742	IRN_018742	accept	Dmagna_LRV_rnd1	maker-CM058180.1-exonerate_protein2genome-gene-0.38-mRNA-1	maker-CM058180.1-exonerate_protein2genome-gene-0.38-mRNA-1	strict	CM058180.1	1880385	1882708	+
CM058180.1_1927197-1929442r	CM058180.1_1927197-1929442r_X1-1927197-1929030-IRN_046698	IRN_046698	reject	GCA_030254905.1_UOB_LRV0_1_genomic	rna-Dmagna029084-T1	rna-Dmagna029084-T1	relaxed	CM058180.1	1927197	1929030	-
CM058180.1_1927197-1929442r	CM058180.1_1927197-1929442r_X2-1927197-1929418-IRN_018750	IRN_018750	accept	Dmagna_LRV_rnd1	maker-CM058180.1-exonerate_protein2genome-gene-0.73-mRNA-1	maker-CM058180.1-exonerate_protein2genome-gene-0.73-mRNA-1	strict	CM058180.1	1927197	1929418	-
CM058180.1_1927197-1929442r	CM058180.1_1927197-1929442r_X3-1927197-1929418-IRN_051574	IRN_051574	accept	Dmagna_LRV_snap-aug	maker-CM058180.1-exonerate_protein2genome-gene-0.73-mRNA-1	maker-CM058180.1-exonerate_protein2genome-gene-0.73-mRNA-1	strict	CM058180.1	1927197	1929418	-
CM058180.1_1927197-1929442r	CM058180.1_1927197-1929442r_X4-1927197-1929442-IRN_006834	IRN_006834	accept	Dmagna_LRV_IRs_braker_fixed	g16126.t1	g16126.t1	strict	CM058180.1	1927197	1929442	-
CM058180.1_1927197-1929442r	CM058180.1_1927197-1929442r_X5-1927667-1928751-IRN_046699	IRN_046699	reject	GCA_030254905.1_UOB_LRV0_1_genomic	rna-Dmagna029084-T2	rna-Dmagna029084-T2	fail	CM058180.1	1927667	1928751	-
CM058171.1_12127796-12129796r	CM058171.1_12127796-12129796r_X1-12127796-12129515-IRN_028897	IRN_028897	reject	GCA_030254905.1_UOB_LRV0_1_genomic	rna-Dmagna009863-T1	rna-Dmagna009863-T1	relaxed	CM058171.1	12127796	12129515	-
CM058171.1_12127796-12129796r	CM058171.1_12127796-12129796r_X2-12127796-12129796-IRN_006860	IRN_006860	accept	Dmagna_LRV_IRs_braker_fixed	g1615.t1	g1615.t1	strict	CM058171.1	12127796	12129796	-
CM058171.1_12127796-12129796r	CM058171.1_12127796-12129796r_X3-12127796-12129796-IRN_018679	IRN_018679	accept	Dmagna_LRV_rnd1	maker-CM058171.1-exonerate_protein2genome-gene-0.9-mRNA-1	maker-CM058171.1-exonerate_protein2genome-gene-0.9-mRNA-1	strict	CM058171.1	12127796	12129796	-
CM058171.1_12127796-12129796r	CM058171.1_12127796-12129796r_X4-12127796-12129796-IRN_051522	IRN_051522	accept	Dmagna_LRV_snap-aug	maker-CM058171.1-exonerate_protein2genome-gene-0.9-mRNA-1	maker-CM058171.1-exonerate_protein2genome-gene-0.9-mRNA-1	strict	CM058171.1	12127796	12129796	-
CM058171.1_12132061-12135652r	CM058171.1_12132061-12135652r_X1-12132061-12135652-IRN_006871	IRN_006871	reject	Dmagna_LRV_IRs_braker_fixed	g1616.t1	g1616.t1	fail	CM058171.1	12132061	12135652	-
CM058171.1_12132061-12135652r	CM058171.1_12132061-12135652r_X2-12134760-12135652-IRN_028899	IRN_028899	reject	GCA_030254905.1_UOB_LRV0_1_genomic	rna-Dmagna009865-T1	rna-Dmagna009865-T1	fail	CM058171.1	12134760	12135652	-
CM058180.1_2420719-2426574r	CM058180.1_2420719-2426574r_X1-2420719-2422945-IRN_006902	IRN_006902	accept	Dmagna_LRV_IRs_braker_fixed	g16188.t1	g16188.t1	strict	CM058180.1	2420719	2422945	-
CM058180.1_2420719-2426574r	CM058180.1_2420719-2426574r_X2-2420719-2422945-IRN_006903	IRN_006903	accept	Dmagna_LRV_IRs_braker_fixed	g16188.t2	g16188.t2	strict	CM058180.1	2420719	2422945	-
CM058180.1_2420719-2426574r	CM058180.1_2420719-2426574r_X3-2420719-2422945-IRN_018752	IRN_018752	accept	Dmagna_LRV_rnd1	maker-CM058180.1-exonerate_protein2genome-gene-0.76-mRNA-1	maker-CM058180.1-exonerate_protein2genome-gene-0.76-mRNA-1	strict	CM058180.1	2420719	2422945	-
CM058180.1_2420719-2426574r	CM058180.1_2420719-2426574r_X4-2420719-2422945-IRN_046832	IRN_046832	accept	GCA_030254905.1_UOB_LRV0_1_genomic	rna-Dmagna029211-T1	rna-Dmagna029211-T1	strict	CM058180.1	2420719	2422945	-
CM058180.1_2420719-2426574r	CM058180.1_2420719-2426574r_X5-2420719-2426574-IRN_051580	IRN_051580	reject	Dmagna_LRV_snap-aug	maker-CM058180.1-snap-gene-1.919-mRNA-1	maker-CM058180.1-snap-gene-1.919-mRNA-1	fail	CM058180.1	2420719	2426574	-
CM058180.1_2420719-2426574r	CM058180.1_2420719-2426574r_X6-2424305-2426343-IRN_046833	IRN_046833	reject	GCA_030254905.1_UOB_LRV0_1_genomic	rna-Dmagna029212-T1	rna-Dmagna029212-T1	relaxed	CM058180.1	2424305	2426343	-
CM058180.1_2420719-2426574r	CM058180.1_2420719-2426574r_X7-2424305-2426574-IRN_006904	IRN_006904	accept	Dmagna_LRV_IRs_braker_fixed	g16189.t1	g16189.t1	strict	CM058180.1	2424305	2426574	-
CM058180.1_2420719-2426574r	CM058180.1_2420719-2426574r_X8-2424305-2426574-IRN_018751	IRN_018751	accept	Dmagna_LRV_rnd1	maker-CM058180.1-exonerate_protein2genome-gene-0.75-mRNA-1	maker-CM058180.1-exonerate_protein2genome-gene-0.75-mRNA-1	strict	CM058180.1	2424305	2426574	-
CM058180.1_6698478-6713198f	CM058180.1_6698478-6713198f_X1-6698478-6713189-IRN_051577	IRN_051577	accept	Dmagna_LRV_snap-aug	maker-CM058180.1-snap-gene-1.914-mRNA-1	maker-CM058180.1-snap-gene-1.914-mRNA-1	strict	CM058180.1	6698478	6713189	+
CM058180.1_6698478-6713198f	CM058180.1_6698478-6713198f_X2-6698490-6713198-IRN_007570	IRN_007570	accept	Dmagna_LRV_IRs_braker_fixed	g16789.t1	g16789.t1	strict	CM058180.1	6698490	6713198	+
CM058180.1_6698478-6713198f	CM058180.1_6698478-6713198f_X3-6700622-6713198-IRN_047705	IRN_047705	reject	GCA_030254905.1_UOB_LRV0_1_genomic	rna-Dmagna030392-T1	rna-Dmagna030392-T1	relaxed	CM058180.1	6700622	6713198	+
CM058180.1_7986229-7988133f	CM058180.1_7986229-7988133f_X1-7986229-7988133-IRN_007815	IRN_007815	accept	Dmagna_LRV_IRs_braker_fixed	g17008.t1	g17008.t1	strict	CM058180.1	7986229	7988133	+
CM058180.1_7986229-7988133f	CM058180.1_7986229-7988133f_X2-7986283-7988133-IRN_018743	IRN_018743	reject	Dmagna_LRV_rnd1	maker-CM058180.1-exonerate_protein2genome-gene-0.40-mRNA-1	maker-CM058180.1-exonerate_protein2genome-gene-0.40-mRNA-1	relaxed	CM058180.1	7986283	7988133	+
CM058180.1_7986229-7988133f	CM058180.1_7986229-7988133f_X3-7986283-7988133-IRN_048055	IRN_048055	reject	GCA_030254905.1_UOB_LRV0_1_genomic	rna-Dmagna030723-T1	rna-Dmagna030723-T1	relaxed	CM058180.1	7986283	7988133	+
CM058180.1_7986229-7988133f	CM058180.1_7986229-7988133f_X4-7986283-7988133-IRN_051516	IRN_051516	reject	Dmagna_LRV_snap-aug	augustus_masked-CM058180.1-processed-gene-1.487-mRNA-1	augustus_masked-CM058180.1-processed-gene-1.487-mRNA-1	relaxed	CM058180.1	7986283	7988133	+
CM058171.1_13469967-13472145r	CM058171.1_13469967-13472145r_X1-13469967-13472076-IRN_008983	IRN_008983	reject	Dmagna_LRV_IRs_braker_fixed	g1806.t1	g1806.t1	relaxed	CM058171.1	13469967	13472076	-
CM058171.1_13469967-13472145r	CM058171.1_13469967-13472145r_X2-13469967-13472076-IRN_018675	IRN_018675	reject	Dmagna_LRV_rnd1	maker-CM058171.1-exonerate_protein2genome-gene-0.17-mRNA-1	maker-CM058171.1-exonerate_protein2genome-gene-0.17-mRNA-1	relaxed	CM058171.1	13469967	13472076	-
CM058171.1_13469967-13472145r	CM058171.1_13469967-13472145r_X3-13469967-13472076-IRN_029258	IRN_029258	reject	GCA_030254905.1_UOB_LRV0_1_genomic	rna-Dmagna010217-T1	rna-Dmagna010217-T1	relaxed	CM058171.1	13469967	13472076	-
CM058171.1_13469967-13472145r	CM058171.1_13469967-13472145r_X4-13469967-13472145-IRN_051521	IRN_051521	accept	Dmagna_LRV_snap-aug	maker-CM058171.1-augustus-gene-1.1083-mRNA-1	maker-CM058171.1-augustus-gene-1.1083-mRNA-1	strict	CM058171.1	13469967	13472145	-
CM058171.1_1507690-1509796f	CM058171.1_1507690-1509796f_X1-1507690-1509557-IRN_026222	IRN_026222	reject	GCA_030254905.1_UOB_LRV0_1_genomic	rna-Dmagna007289-T1	rna-Dmagna007289-T1	fail	CM058171.1	1507690	1509557	+
CM058171.1_1507690-1509796f	CM058171.1_1507690-1509796f_X2-1507690-1509796-IRN_009752	IRN_009752	accept	Dmagna_LRV_IRs_braker_fixed	g198.t1	g198.t1	strict	CM058171.1	1507690	1509796	+
CM058171.1_1507690-1509796f	CM058171.1_1507690-1509796f_X3-1507690-1509796-IRN_018676	IRN_018676	accept	Dmagna_LRV_rnd1	maker-CM058171.1-exonerate_protein2genome-gene-0.5-mRNA-1	maker-CM058171.1-exonerate_protein2genome-gene-0.5-mRNA-1	strict	CM058171.1	1507690	1509796	+
CM058171.1_1507690-1509796f	CM058171.1_1507690-1509796f_X4-1507690-1509796-IRN_051517	IRN_051517	accept	Dmagna_LRV_snap-aug	maker-CM058171.1-augustus-gene-1.1076-mRNA-1	maker-CM058171.1-augustus-gene-1.1076-mRNA-1	strict	CM058171.1	1507690	1509796	+
CM058172.1_1156880-1175740r	CM058172.1_1156880-1175740r_X1-1156880-1165681-IRN_019006	IRN_019006	accept	GCA_030254905.1_UOB_LRV0_1_genomic	rna-Dmagna000248-T2	rna-Dmagna000248-T2	relaxed	CM058172.1	1156880	1165681	-
CM058172.1_1156880-1175740r	CM058172.1_1156880-1175740r_X2-1156880-1168793-IRN_018681	IRN_018681	accept	Dmagna_LRV_rnd1	maker-CM058172.1-exonerate_protein2genome-gene-0.29-mRNA-1	maker-CM058172.1-exonerate_protein2genome-gene-0.29-mRNA-1	relaxed	CM058172.1	1156880	1168793	-
CM058172.1_1156880-1175740r	CM058172.1_1156880-1175740r_X3-1156880-1168793-IRN_051526	IRN_051526	accept	Dmagna_LRV_snap-aug	maker-CM058172.1-exonerate_protein2genome-gene-0.29-mRNA-1	maker-CM058172.1-exonerate_protein2genome-gene-0.29-mRNA-1	relaxed	CM058172.1	1156880	1168793	-
CM058172.1_1156880-1175740r	CM058172.1_1156880-1175740r_X4-1156880-1169752-IRN_019005	IRN_019005	accept	GCA_030254905.1_UOB_LRV0_1_genomic	rna-Dmagna000248-T1	rna-Dmagna000248-T1	relaxed	CM058172.1	1156880	1169752	-
CM058172.1_1156880-1175740r	CM058172.1_1156880-1175740r_X5-1156880-1175740-IRN_009880	IRN_009880	reject	Dmagna_LRV_IRs_braker_fixed	g2094.t1	g2094.t1	fail	CM058172.1	1156880	1175740	-
CM058172.1_1197234-1204653f	CM058172.1_1197234-1204653f_X1-1197234-1204653-IRN_009883	IRN_009883	accept	Dmagna_LRV_IRs_braker_fixed	g2096.t1	g2096.t1	relaxed	CM058172.1	1197234	1204653	+
CM058172.1_1197234-1204653f	CM058172.1_1197234-1204653f_X2-1197234-1204653-IRN_018685	IRN_018685	accept	Dmagna_LRV_rnd1	maker-CM058172.1-exonerate_protein2genome-gene-0.4-mRNA-1	maker-CM058172.1-exonerate_protein2genome-gene-0.4-mRNA-1	relaxed	CM058172.1	1197234	1204653	+
CM058172.1_1197234-1204653f	CM058172.1_1197234-1204653f_X3-1197234-1204653-IRN_051523	IRN_051523	accept	Dmagna_LRV_snap-aug	maker-CM058172.1-augustus-gene-1.758-mRNA-1	maker-CM058172.1-augustus-gene-1.758-mRNA-1	relaxed	CM058172.1	1197234	1204653	+
CM058172.1_1197234-1204653f	CM058172.1_1197234-1204653f_X4-1199961-1204653-IRN_019011	IRN_019011	accept	GCA_030254905.1_UOB_LRV0_1_genomic	rna-Dmagna000253-T1	rna-Dmagna000253-T1	relaxed	CM058172.1	1199961	1204653	+
CM058172.1_4341741-4343911r	CM058172.1_4341741-4343911r_X1-4341741-4343905-IRN_010297	IRN_010297	accept	Dmagna_LRV_IRs_braker_fixed	g2469.t1	g2469.t1	strict	CM058172.1	4341741	4343905	-
CM058172.1_4341741-4343911r	CM058172.1_4341741-4343911r_X2-4341741-4343905-IRN_018682	IRN_018682	accept	Dmagna_LRV_rnd1	maker-CM058172.1-exonerate_protein2genome-gene-0.31-mRNA-1	maker-CM058172.1-exonerate_protein2genome-gene-0.31-mRNA-1	strict	CM058172.1	4341741	4343905	-
CM058172.1_4341741-4343911r	CM058172.1_4341741-4343911r_X3-4341741-4343905-IRN_019737	IRN_019737	accept	GCA_030254905.1_UOB_LRV0_1_genomic	rna-Dmagna000950-T1	rna-Dmagna000950-T1	strict	CM058172.1	4341741	4343905	-
CM058172.1_4341741-4343911r	CM058172.1_4341741-4343911r_X4-4341741-4343911-IRN_051529	IRN_051529	accept	Dmagna_LRV_snap-aug	maker-CM058172.1-snap-gene-1.809-mRNA-1	maker-CM058172.1-snap-gene-1.809-mRNA-1	strict	CM058172.1	4341741	4343911	-
CM058172.1_4756571-4760105f	CM058172.1_4756571-4760105f_X1-4756571-4758888-IRN_010403	IRN_010403	accept	Dmagna_LRV_IRs_braker_fixed	g2564.t1	g2564.t1	strict	CM058172.1	4756571	4758888	+
CM058172.1_4756571-4760105f	CM058172.1_4756571-4760105f_X2-4756571-4758888-IRN_018686	IRN_018686	accept	Dmagna_LRV_rnd1	maker-CM058172.1-exonerate_protein2genome-gene-0.6-mRNA-1	maker-CM058172.1-exonerate_protein2genome-gene-0.6-mRNA-1	strict	CM058172.1	4756571	4758888	+
CM058172.1_4756571-4760105f	CM058172.1_4756571-4760105f_X3-4756571-4760105-IRN_051528	IRN_051528	reject	Dmagna_LRV_snap-aug	maker-CM058172.1-snap-gene-1.806-mRNA-1	maker-CM058172.1-snap-gene-1.806-mRNA-1	fail	CM058172.1	4756571	4760105	+
CM058172.1_4756571-4760105f	CM058172.1_4756571-4760105f_X4-4757366-4758888-IRN_019890	IRN_019890	reject	GCA_030254905.1_UOB_LRV0_1_genomic	rna-Dmagna001104-T1	rna-Dmagna001104-T1	relaxed	CM058172.1	4757366	4758888	+
CM058172.1_4775276-4777311f	CM058172.1_4775276-4777311f_X1-4775276-4777311-IRN_018680	IRN_018680	accept	Dmagna_LRV_rnd1	maker-CM058172.1-exonerate_protein2genome-gene-0.21-mRNA-1	maker-CM058172.1-exonerate_protein2genome-gene-0.21-mRNA-1	strict	CM058172.1	4775276	4777311	+
CM058172.1_4775276-4777311f	CM058172.1_4775276-4777311f_X2-4775276-4777311-IRN_051525	IRN_051525	accept	Dmagna_LRV_snap-aug	maker-CM058172.1-exonerate_protein2genome-gene-0.21-mRNA-1	maker-CM058172.1-exonerate_protein2genome-gene-0.21-mRNA-1	strict	CM058172.1	4775276	4777311	+
CM058172.1_4775276-4777311f	CM058172.1_4775276-4777311f_X3-4775318-4777311-IRN_010408	IRN_010408	reject	Dmagna_LRV_IRs_braker_fixed	g2569.t1	g2569.t1	relaxed	CM058172.1	4775318	4777311	+
CM058172.1_4775276-4777311f	CM058172.1_4775276-4777311f_X4-4776127-4777311-IRN_019896	IRN_019896	reject	GCA_030254905.1_UOB_LRV0_1_genomic	rna-Dmagna001110-T1	rna-Dmagna001110-T1	relaxed	CM058172.1	4776127	4777311	+
CM058172.1_5702448-5716138r	CM058172.1_5702448-5716138r_X1-5702448-5708036-IRN_020148	IRN_020148	reject	GCA_030254905.1_UOB_LRV0_1_genomic	rna-Dmagna001356-T1	rna-Dmagna001356-T1	relaxed	CM058172.1	5702448	5708036	-
CM058172.1_5702448-5716138r	CM058172.1_5702448-5716138r_X2-5702448-5709975-IRN_020149	IRN_020149	reject	GCA_030254905.1_UOB_LRV0_1_genomic	rna-Dmagna001356-T2	rna-Dmagna001356-T2	relaxed	CM058172.1	5702448	5709975	-
CM058172.1_5702448-5716138r	CM058172.1_5702448-5716138r_X3-5702448-5716138-IRN_010559	IRN_010559	accept	Dmagna_LRV_IRs_braker_fixed	g2704.t1	g2704.t1	strict	CM058172.1	5702448	5716138	-
CM058172.1_5702448-5716138r	CM058172.1_5702448-5716138r_X4-5702784-5715871-IRN_018683	IRN_018683	accept	Dmagna_LRV_rnd1	maker-CM058172.1-exonerate_protein2genome-gene-0.33-mRNA-1	maker-CM058172.1-exonerate_protein2genome-gene-0.33-mRNA-1	strict	CM058172.1	5702784	5715871	-
CM058172.1_5702448-5716138r	CM058172.1_5702448-5716138r_X5-5702784-5716138-IRN_051524	IRN_051524	accept	Dmagna_LRV_snap-aug	maker-CM058172.1-augustus-gene-1.766-mRNA-1	maker-CM058172.1-augustus-gene-1.766-mRNA-1	strict	CM058172.1	5702784	5716138	-
CM058172.1_7590105-7592185r	CM058172.1_7590105-7592185r_X1-7590105-7592185-IRN_010772	IRN_010772	accept	Dmagna_LRV_IRs_braker_fixed	g2897.t1	g2897.t1	relaxed	CM058172.1	7590105	7592185	-
CM058172.1_7590105-7592185r	CM058172.1_7590105-7592185r_X2-7590105-7592185-IRN_018684	IRN_018684	accept	Dmagna_LRV_rnd1	maker-CM058172.1-exonerate_protein2genome-gene-0.35-mRNA-1	maker-CM058172.1-exonerate_protein2genome-gene-0.35-mRNA-1	relaxed	CM058172.1	7590105	7592185	-
CM058172.1_7590105-7592185r	CM058172.1_7590105-7592185r_X3-7590105-7592185-IRN_020591	IRN_020591	accept	GCA_030254905.1_UOB_LRV0_1_genomic	rna-Dmagna001784-T1	rna-Dmagna001784-T1	relaxed	CM058172.1	7590105	7592185	-
CM058172.1_7590105-7592185r	CM058172.1_7590105-7592185r_X4-7590105-7592185-IRN_051527	IRN_051527	accept	Dmagna_LRV_snap-aug	maker-CM058172.1-exonerate_protein2genome-gene-0.35-mRNA-1	maker-CM058172.1-exonerate_protein2genome-gene-0.35-mRNA-1	relaxed	CM058172.1	7590105	7592185	-
CM058171.1_2591202-2595243r	CM058171.1_2591202-2595243r_X1-2591202-2595243-IRN_011021	IRN_011021	accept	Dmagna_LRV_IRs_braker_fixed	g312.t1	g312.t1	strict	CM058171.1	2591202	2595243	-
CM058171.1_2591202-2595243r	CM058171.1_2591202-2595243r_X2-2591202-2595243-IRN_018678	IRN_018678	accept	Dmagna_LRV_rnd1	maker-CM058171.1-exonerate_protein2genome-gene-0.8-mRNA-1	maker-CM058171.1-exonerate_protein2genome-gene-0.8-mRNA-1	strict	CM058171.1	2591202	2595243	-
CM058171.1_2591202-2595243r	CM058171.1_2591202-2595243r_X3-2591202-2595243-IRN_026466	IRN_026466	accept	GCA_030254905.1_UOB_LRV0_1_genomic	rna-Dmagna007518-T1	rna-Dmagna007518-T1	strict	CM058171.1	2591202	2595243	-
CM058171.1_2591202-2595243r	CM058171.1_2591202-2595243r_X4-2591202-2595243-IRN_051519	IRN_051519	accept	Dmagna_LRV_snap-aug	maker-CM058171.1-augustus-gene-1.1078-mRNA-1	maker-CM058171.1-augustus-gene-1.1078-mRNA-1	strict	CM058171.1	2591202	2595243	-
CM058171.1_3599409-3602943f	CM058171.1_3599409-3602943f_X1-3599409-3600840-IRN_026720	IRN_026720	reject	GCA_030254905.1_UOB_LRV0_1_genomic	rna-Dmagna007751-T1	rna-Dmagna007751-T1	fail	CM058171.1	3599409	3600840	+
CM058171.1_3599409-3602943f	CM058171.1_3599409-3602943f_X2-3599975-3602943-IRN_012210	IRN_012210	accept	Dmagna_LRV_IRs_braker_fixed	g419.t1	g419.t1	strict	CM058171.1	3599975	3602943	+
CM058171.1_3599409-3602943f	CM058171.1_3599409-3602943f_X3-3599975-3602943-IRN_018677	IRN_018677	accept	Dmagna_LRV_rnd1	maker-CM058171.1-exonerate_protein2genome-gene-0.7-mRNA-1	maker-CM058171.1-exonerate_protein2genome-gene-0.7-mRNA-1	strict	CM058171.1	3599975	3602943	+
CM058171.1_3599409-3602943f	CM058171.1_3599409-3602943f_X4-3599975-3602943-IRN_051518	IRN_051518	accept	Dmagna_LRV_snap-aug	maker-CM058171.1-augustus-gene-1.1077-mRNA-1	maker-CM058171.1-augustus-gene-1.1077-mRNA-1	strict	CM058171.1	3599975	3602943	+
CM058171.1_3599409-3602943f	CM058171.1_3599409-3602943f_X5-3601948-3602943-IRN_026722	IRN_026722	reject	GCA_030254905.1_UOB_LRV0_1_genomic	rna-Dmagna007753-T1	rna-Dmagna007753-T1	fail	CM058171.1	3601948	3602943	+
CM058173.1_3011776-3016237f	CM058173.1_3011776-3016237f_X1-3011776-3014958-IRN_012435	IRN_012435	accept	Dmagna_LRV_IRs_braker_fixed	g4392.t1	g4392.t1	strict	CM058173.1	3011776	3014958	+
CM058173.1_3011776-3016237f	CM058173.1_3011776-3016237f_X2-3011776-3014958-IRN_018687	IRN_018687	accept	Dmagna_LRV_rnd1	maker-CM058173.1-exonerate_protein2genome-gene-0.11-mRNA-1	maker-CM058173.1-exonerate_protein2genome-gene-0.11-mRNA-1	strict	CM058173.1	3011776	3014958	+
CM058173.1_3011776-3016237f	CM058173.1_3011776-3016237f_X3-3011776-3014958-IRN_051530	IRN_051530	accept	Dmagna_LRV_snap-aug	maker-CM058173.1-exonerate_protein2genome-gene-0.11-mRNA-1	maker-CM058173.1-exonerate_protein2genome-gene-0.11-mRNA-1	strict	CM058173.1	3011776	3014958	+
CM058173.1_3011776-3016237f	CM058173.1_3011776-3016237f_X4-3011776-3016237-IRN_030489	IRN_030489	reject	GCA_030254905.1_UOB_LRV0_1_genomic	rna-Dmagna011405-T1	rna-Dmagna011405-T1	strict	CM058173.1	3011776	3016237	+
CM058173.1_3901721-3906301f	CM058173.1_3901721-3906301f_X1-3901721-3906301-IRN_012556	IRN_012556	accept	Dmagna_LRV_IRs_braker_fixed	g4500.t1	g4500.t1	strict	CM058173.1	3901721	3906301	+
CM058173.1_3901721-3906301f	CM058173.1_3901721-3906301f_X2-3901721-3906301-IRN_018688	IRN_018688	accept	Dmagna_LRV_rnd1	maker-CM058173.1-exonerate_protein2genome-gene-0.16-mRNA-1	maker-CM058173.1-exonerate_protein2genome-gene-0.16-mRNA-1	strict	CM058173.1	3901721	3906301	+
CM058173.1_3901721-3906301f	CM058173.1_3901721-3906301f_X3-3901721-3906301-IRN_030707	IRN_030707	accept	GCA_030254905.1_UOB_LRV0_1_genomic	rna-Dmagna011612-T2	rna-Dmagna011612-T2	strict	CM058173.1	3901721	3906301	+
CM058173.1_3901721-3906301f	CM058173.1_3901721-3906301f_X4-3901721-3906301-IRN_051531	IRN_051531	accept	Dmagna_LRV_snap-aug	maker-CM058173.1-exonerate_protein2genome-gene-0.16-mRNA-1	maker-CM058173.1-exonerate_protein2genome-gene-0.16-mRNA-1	strict	CM058173.1	3901721	3906301	+
CM058173.1_3901721-3906301f	CM058173.1_3901721-3906301f_X5-3902954-3906301-IRN_030706	IRN_030706	reject	GCA_030254905.1_UOB_LRV0_1_genomic	rna-Dmagna011612-T1	rna-Dmagna011612-T1	relaxed	CM058173.1	3902954	3906301	+
CM058173.1_4221961-4226826f	CM058173.1_4221961-4226826f_X1-4221961-4226826-IRN_030779	IRN_030779	accept	GCA_030254905.1_UOB_LRV0_1_genomic	rna-Dmagna011681-T1	rna-Dmagna011681-T1	strict	CM058173.1	4221961	4226826	+
CM058173.1_4221961-4226826f	CM058173.1_4221961-4226826f_X2-4223005-4226239-IRN_012579	IRN_012579	reject	Dmagna_LRV_IRs_braker_fixed	g4521.t1	g4521.t1	relaxed	CM058173.1	4223005	4226239	+
CM058173.1_4221961-4226826f	CM058173.1_4221961-4226826f_X3-4223005-4226239-IRN_012580	IRN_012580	reject	Dmagna_LRV_IRs_braker_fixed	g4521.t2	g4521.t2	relaxed	CM058173.1	4223005	4226239	+
CM058173.1_4221961-4226826f	CM058173.1_4221961-4226826f_X4-4223005-4226239-IRN_018689	IRN_018689	reject	Dmagna_LRV_rnd1	maker-CM058173.1-exonerate_protein2genome-gene-0.17-mRNA-1	maker-CM058173.1-exonerate_protein2genome-gene-0.17-mRNA-1	relaxed	CM058173.1	4223005	4226239	+
CM058173.1_4221961-4226826f	CM058173.1_4221961-4226826f_X5-4223005-4226239-IRN_051532	IRN_051532	reject	Dmagna_LRV_snap-aug	maker-CM058173.1-exonerate_protein2genome-gene-0.17-mRNA-1	maker-CM058173.1-exonerate_protein2genome-gene-0.17-mRNA-1	relaxed	CM058173.1	4223005	4226239	+
CM058173.1_5688401-5692724r	CM058173.1_5688401-5692724r_X1-5688401-5692724-IRN_012764	IRN_012764	accept	Dmagna_LRV_IRs_braker_fixed	g4688.t1	g4688.t1	strict	CM058173.1	5688401	5692724	-
CM058173.1_5688401-5692724r	CM058173.1_5688401-5692724r_X2-5688401-5692724-IRN_018695	IRN_018695	accept	Dmagna_LRV_rnd1	maker-CM058173.1-exonerate_protein2genome-gene-0.39-mRNA-1	maker-CM058173.1-exonerate_protein2genome-gene-0.39-mRNA-1	strict	CM058173.1	5688401	5692724	-
CM058173.1_5688401-5692724r	CM058173.1_5688401-5692724r_X3-5688401-5692724-IRN_031157	IRN_031157	accept	GCA_030254905.1_UOB_LRV0_1_genomic	rna-Dmagna012038-T1	rna-Dmagna012038-T1	strict	CM058173.1	5688401	5692724	-
CM058173.1_5688401-5692724r	CM058173.1_5688401-5692724r_X4-5688401-5692724-IRN_051538	IRN_051538	accept	Dmagna_LRV_snap-aug	maker-CM058173.1-exonerate_protein2genome-gene-0.39-mRNA-1	maker-CM058173.1-exonerate_protein2genome-gene-0.39-mRNA-1	strict	CM058173.1	5688401	5692724	-
CM058173.1_7414589-7417332f	CM058173.1_7414589-7417332f_X1-7414589-7417332-IRN_013051	IRN_013051	accept	Dmagna_LRV_IRs_braker_fixed	g4946.t1	g4946.t1	relaxed	CM058173.1	7414589	7417332	+
CM058173.1_7414589-7417332f	CM058173.1_7414589-7417332f_X2-7414589-7417332-IRN_018690	IRN_018690	accept	Dmagna_LRV_rnd1	maker-CM058173.1-exonerate_protein2genome-gene-0.19-mRNA-1	maker-CM058173.1-exonerate_protein2genome-gene-0.19-mRNA-1	relaxed	CM058173.1	7414589	7417332	+
CM058173.1_7414589-7417332f	CM058173.1_7414589-7417332f_X3-7414589-7417332-IRN_051533	IRN_051533	accept	Dmagna_LRV_snap-aug	maker-CM058173.1-exonerate_protein2genome-gene-0.19-mRNA-1	maker-CM058173.1-exonerate_protein2genome-gene-0.19-mRNA-1	relaxed	CM058173.1	7414589	7417332	+
CM058173.1_7414589-7417332f	CM058173.1_7414589-7417332f_X4-7415261-7417081-IRN_031619	IRN_031619	reject	GCA_030254905.1_UOB_LRV0_1_genomic	rna-Dmagna012481-T1	rna-Dmagna012481-T1	fail	CM058173.1	7415261	7417081	+
CM058173.1_7414589-7417332f	CM058173.1_7414589-7417332f_X5-7415462-7417332-IRN_013052	IRN_013052	accept	Dmagna_LRV_IRs_braker_fixed	g4946.t2	g4946.t2	relaxed	CM058173.1	7415462	7417332	+
CM058173.1_7458174-7460417r	CM058173.1_7458174-7460417r_X1-7458174-7459734-IRN_018696	IRN_018696	reject	Dmagna_LRV_rnd1	maker-CM058173.1-exonerate_protein2genome-gene-0.40-mRNA-1	maker-CM058173.1-exonerate_protein2genome-gene-0.40-mRNA-1	relaxed	CM058173.1	7458174	7459734	-
CM058173.1_7458174-7460417r	CM058173.1_7458174-7460417r_X2-7458174-7459734-IRN_051539	IRN_051539	reject	Dmagna_LRV_snap-aug	maker-CM058173.1-exonerate_protein2genome-gene-0.40-mRNA-1	maker-CM058173.1-exonerate_protein2genome-gene-0.40-mRNA-1	relaxed	CM058173.1	7458174	7459734	-
CM058173.1_7458174-7460417r	CM058173.1_7458174-7460417r_X3-7458174-7460095-IRN_013061	IRN_013061	accept	Dmagna_LRV_IRs_braker_fixed	g4954.t1	g4954.t1	strict	CM058173.1	7458174	7460095	-
CM058173.1_7458174-7460417r	CM058173.1_7458174-7460417r_X4-7458174-7460098-IRN_013062	IRN_013062	accept	Dmagna_LRV_IRs_braker_fixed	g4954.t2	g4954.t2	strict	CM058173.1	7458174	7460098	-
CM058173.1_7458174-7460417r	CM058173.1_7458174-7460417r_X5-7458174-7460417-IRN_031632	IRN_031632	reject	GCA_030254905.1_UOB_LRV0_1_genomic	rna-Dmagna012495-T1	rna-Dmagna012495-T1	relaxed	CM058173.1	7458174	7460417	-
CM058173.1_7605457-7607710f	CM058173.1_7605457-7607710f_X1-7605457-7607405-IRN_013081	IRN_013081	accept	Dmagna_LRV_IRs_braker_fixed	g4971.t1	g4971.t1	strict	CM058173.1	7605457	7607405	+
CM058173.1_7605457-7607710f	CM058173.1_7605457-7607710f_X2-7605457-7607405-IRN_018692	IRN_018692	accept	Dmagna_LRV_rnd1	maker-CM058173.1-exonerate_protein2genome-gene-0.25-mRNA-1	maker-CM058173.1-exonerate_protein2genome-gene-0.25-mRNA-1	strict	CM058173.1	7605457	7607405	+
CM058173.1_7605457-7607710f	CM058173.1_7605457-7607710f_X3-7605457-7607405-IRN_051535	IRN_051535	accept	Dmagna_LRV_snap-aug	maker-CM058173.1-exonerate_protein2genome-gene-0.25-mRNA-1	maker-CM058173.1-exonerate_protein2genome-gene-0.25-mRNA-1	strict	CM058173.1	7605457	7607405	+
CM058173.1_7605457-7607710f	CM058173.1_7605457-7607710f_X4-7605508-7607405-IRN_013082	IRN_013082	reject	Dmagna_LRV_IRs_braker_fixed	g4971.t2	g4971.t2	relaxed	CM058173.1	7605508	7607405	+
CM058173.1_7605457-7607710f	CM058173.1_7605457-7607710f_X5-7605508-7607710-IRN_031667	IRN_031667	reject	GCA_030254905.1_UOB_LRV0_1_genomic	rna-Dmagna012528-T1	rna-Dmagna012528-T1	relaxed	CM058173.1	7605508	7607710	+
CM058173.1_7666491-7674057r	CM058173.1_7666491-7674057r_X1-7666491-7673931-IRN_013094	IRN_013094	reject	Dmagna_LRV_IRs_braker_fixed	g4982.t1	g4982.t1	strict	CM058173.1	7666491	7673931	-
CM058173.1_7666491-7674057r	CM058173.1_7666491-7674057r_X2-7671810-7673931-IRN_018697	IRN_018697	accept	Dmagna_LRV_rnd1	maker-CM058173.1-exonerate_protein2genome-gene-0.46-mRNA-1	maker-CM058173.1-exonerate_protein2genome-gene-0.46-mRNA-1	strict	CM058173.1	7671810	7673931	-
CM058173.1_7666491-7674057r	CM058173.1_7666491-7674057r_X3-7671810-7673931-IRN_051540	IRN_051540	accept	Dmagna_LRV_snap-aug	maker-CM058173.1-exonerate_protein2genome-gene-0.46-mRNA-1	maker-CM058173.1-exonerate_protein2genome-gene-0.46-mRNA-1	strict	CM058173.1	7671810	7673931	-
CM058173.1_7666491-7674057r	CM058173.1_7666491-7674057r_X4-7671810-7674057-IRN_031684	IRN_031684	accept	GCA_030254905.1_UOB_LRV0_1_genomic	rna-Dmagna012544-T1	rna-Dmagna012544-T1	strict	CM058173.1	7671810	7674057	-
CM058173.1_7675057-7677012f	CM058173.1_7675057-7677012f_X1-7675057-7677012-IRN_013095	IRN_013095	accept	Dmagna_LRV_IRs_braker_fixed	g4983.t1	g4983.t1	strict	CM058173.1	7675057	7677012	+
CM058173.1_7675057-7677012f	CM058173.1_7675057-7677012f_X2-7675057-7677012-IRN_018693	IRN_018693	accept	Dmagna_LRV_rnd1	maker-CM058173.1-exonerate_protein2genome-gene-0.29-mRNA-1	maker-CM058173.1-exonerate_protein2genome-gene-0.29-mRNA-1	strict	CM058173.1	7675057	7677012	+
CM058173.1_7675057-7677012f	CM058173.1_7675057-7677012f_X3-7675057-7677012-IRN_031685	IRN_031685	accept	GCA_030254905.1_UOB_LRV0_1_genomic	rna-Dmagna012545-T1	rna-Dmagna012545-T1	strict	CM058173.1	7675057	7677012	+
CM058173.1_7675057-7677012f	CM058173.1_7675057-7677012f_X4-7675057-7677012-IRN_051536	IRN_051536	accept	Dmagna_LRV_snap-aug	maker-CM058173.1-exonerate_protein2genome-gene-0.29-mRNA-1	maker-CM058173.1-exonerate_protein2genome-gene-0.29-mRNA-1	strict	CM058173.1	7675057	7677012	+
CM058173.1_7675057-7677012f	CM058173.1_7675057-7677012f_X5-7675084-7677012-IRN_013096	IRN_013096	accept	Dmagna_LRV_IRs_braker_fixed	g4983.t2	g4983.t2	strict	CM058173.1	7675084	7677012	+
CM058173.1_7719229-7725013r	CM058173.1_7719229-7725013r_X1-7719229-7725013-IRN_051542	IRN_051542	reject	Dmagna_LRV_snap-aug	maker-CM058173.1-snap-gene-1.11-mRNA-1	maker-CM058173.1-snap-gene-1.11-mRNA-1	fail	CM058173.1	7719229	7725013	-
CM058173.1_7719229-7725013r	CM058173.1_7719229-7725013r_X2-7719328-7720805-IRN_013102	IRN_013102	reject	Dmagna_LRV_IRs_braker_fixed	g4988.t2	g4988.t2	relaxed	CM058173.1	7719328	7720805	-
CM058173.1_7719229-7725013r	CM058173.1_7719229-7725013r_X3-7719328-7721121-IRN_031694	IRN_031694	reject	GCA_030254905.1_UOB_LRV0_1_genomic	rna-Dmagna012556-T3	rna-Dmagna012556-T3	relaxed	CM058173.1	7719328	7721121	-
CM058173.1_7719229-7725013r	CM058173.1_7719229-7725013r_X4-7719328-7721302-IRN_031692	IRN_031692	reject	GCA_030254905.1_UOB_LRV0_1_genomic	rna-Dmagna012556-T1	rna-Dmagna012556-T1	relaxed	CM058173.1	7719328	7721302	-
CM058173.1_7719229-7725013r	CM058173.1_7719229-7725013r_X5-7719328-7721428-IRN_031693	IRN_031693	accept	GCA_030254905.1_UOB_LRV0_1_genomic	rna-Dmagna012556-T2	rna-Dmagna012556-T2	strict	CM058173.1	7719328	7721428	-
CM058173.1_7719229-7725013r	CM058173.1_7719229-7725013r_X6-7719328-7724830-IRN_018698	IRN_018698	reject	Dmagna_LRV_rnd1	maker-CM058173.1-exonerate_protein2genome-gene-0.53-mRNA-1	maker-CM058173.1-exonerate_protein2genome-gene-0.53-mRNA-1	relaxed	CM058173.1	7719328	7724830	-
CM058173.1_7719229-7725013r	CM058173.1_7719229-7725013r_X7-7719328-7725013-IRN_013101	IRN_013101	reject	Dmagna_LRV_IRs_braker_fixed	g4988.t1	g4988.t1	fail	CM058173.1	7719328	7725013	-
CM058173.1_7719229-7725013r	CM058173.1_7719229-7725013r_X8-7722943-7724416-IRN_031695	IRN_031695	reject	GCA_030254905.1_UOB_LRV0_1_genomic	rna-Dmagna012557-T1	rna-Dmagna012557-T1	relaxed	CM058173.1	7722943	7724416	-
CM058173.1_7719229-7725013r	CM058173.1_7719229-7725013r_X9-7722943-7725013-IRN_013103	IRN_013103	accept	Dmagna_LRV_IRs_braker_fixed	g4988.t3	g4988.t3	strict	CM058173.1	7722943	7725013	-
CM058173.1_7734635-7736646r	CM058173.1_7734635-7736646r_X1-7734635-7736583-IRN_013109	IRN_013109	accept	Dmagna_LRV_IRs_braker_fixed	g4992.t2	g4992.t2	strict	CM058173.1	7734635	7736583	-
CM058173.1_7734635-7736646r	CM058173.1_7734635-7736646r_X2-7734635-7736601-IRN_013108	IRN_013108	accept	Dmagna_LRV_IRs_braker_fixed	g4992.t1	g4992.t1	strict	CM058173.1	7734635	7736601	-
CM058173.1_7734635-7736646r	CM058173.1_7734635-7736646r_X3-7734635-7736601-IRN_018699	IRN_018699	accept	Dmagna_LRV_rnd1	maker-CM058173.1-exonerate_protein2genome-gene-0.73-mRNA-1	maker-CM058173.1-exonerate_protein2genome-gene-0.73-mRNA-1	strict	CM058173.1	7734635	7736601	-
CM058173.1_7734635-7736646r	CM058173.1_7734635-7736646r_X4-7734635-7736601-IRN_051541	IRN_051541	accept	Dmagna_LRV_snap-aug	maker-CM058173.1-exonerate_protein2genome-gene-0.73-mRNA-1	maker-CM058173.1-exonerate_protein2genome-gene-0.73-mRNA-1	strict	CM058173.1	7734635	7736601	-
CM058173.1_7734635-7736646r	CM058173.1_7734635-7736646r_X5-7734635-7736646-IRN_031700	IRN_031700	accept	GCA_030254905.1_UOB_LRV0_1_genomic	rna-Dmagna012563-T1	rna-Dmagna012563-T1	strict	CM058173.1	7734635	7736646	-
CM058173.1_8833956-8845128f	CM058173.1_8833956-8845128f_X1-8833956-8845128-IRN_013264	IRN_013264	reject	Dmagna_LRV_IRs_braker_fixed	g5130.t1	g5130.t1	fail	CM058173.1	8833956	8845128	+
CM058173.1_8833956-8845128f	CM058173.1_8833956-8845128f_X2-8839882-8841173-IRN_018694	IRN_018694	reject	Dmagna_LRV_rnd1	maker-CM058173.1-exonerate_protein2genome-gene-0.38-mRNA-1	maker-CM058173.1-exonerate_protein2genome-gene-0.38-mRNA-1	fail	CM058173.1	8839882	8841173	+
CM058173.1_8833956-8845128f	CM058173.1_8833956-8845128f_X3-8839882-8841173-IRN_051537	IRN_051537	reject	Dmagna_LRV_snap-aug	maker-CM058173.1-exonerate_protein2genome-gene-0.38-mRNA-1	maker-CM058173.1-exonerate_protein2genome-gene-0.38-mRNA-1	fail	CM058173.1	8839882	8841173	+
CM058173.1_8833956-8845128f	CM058173.1_8833956-8845128f_X4-8840277-8841733-IRN_031967	IRN_031967	reject	GCA_030254905.1_UOB_LRV0_1_genomic	rna-Dmagna012822-T1	rna-Dmagna012822-T1	fail	CM058173.1	8840277	8841733	+
CM058174.1_3093660-3095155f	CM058174.1_3093660-3095155f_X1-3093660-3095155-IRN_014672	IRN_014672	reject	Dmagna_LRV_IRs_braker_fixed	g6399.t1	g6399.t1	fail	CM058174.1	3093660	3095155	+
CM058174.1_3093660-3095155f	CM058174.1_3093660-3095155f_X2-3093660-3095155-IRN_018700	IRN_018700	reject	Dmagna_LRV_rnd1	maker-CM058174.1-exonerate_protein2genome-gene-0.0-mRNA-1	maker-CM058174.1-exonerate_protein2genome-gene-0.0-mRNA-1	fail	CM058174.1	3093660	3095155	+
CM058174.1_3093660-3095155f	CM058174.1_3093660-3095155f_X3-3093660-3095155-IRN_051543	IRN_051543	reject	Dmagna_LRV_snap-aug	maker-CM058174.1-augustus-gene-1.1062-mRNA-1	maker-CM058174.1-augustus-gene-1.1062-mRNA-1	fail	CM058174.1	3093660	3095155	+
CM058174.1_3093660-3095155f	CM058174.1_3093660-3095155f_X4-3093851-3095155-IRN_040954	IRN_040954	reject	GCA_030254905.1_UOB_LRV0_1_genomic	rna-Dmagna022777-T1	rna-Dmagna022777-T1	fail	CM058174.1	3093851	3095155	+
CM058174.1_3771395-3773238r	CM058174.1_3771395-3773238r_X1-3771395-3773148-IRN_018701	IRN_018701	reject	Dmagna_LRV_rnd1	maker-CM058174.1-exonerate_protein2genome-gene-0.10-mRNA-1	maker-CM058174.1-exonerate_protein2genome-gene-0.10-mRNA-1	relaxed	CM058174.1	3771395	3773148	-
CM058174.1_3771395-3773238r	CM058174.1_3771395-3773238r_X2-3771395-3773238-IRN_014782	IRN_014782	accept	Dmagna_LRV_IRs_braker_fixed	g6498.t1	g6498.t1	strict	CM058174.1	3771395	3773238	-
CM058174.1_3771395-3773238r	CM058174.1_3771395-3773238r_X3-3771395-3773238-IRN_051544	IRN_051544	accept	Dmagna_LRV_snap-aug	maker-CM058174.1-augustus-gene-1.1065-mRNA-1	maker-CM058174.1-augustus-gene-1.1065-mRNA-1	strict	CM058174.1	3771395	3773238	-
CM058174.1_5956054-5957849f	CM058174.1_5956054-5957849f_X1-5956054-5957849-IRN_015238	IRN_015238	accept	Dmagna_LRV_IRs_braker_fixed	g6908.t1	g6908.t1	relaxed	CM058174.1	5956054	5957849	+
CM058174.1_5956054-5957849f	CM058174.1_5956054-5957849f_X2-5956054-5957849-IRN_018703	IRN_018703	accept	Dmagna_LRV_rnd1	maker-CM058174.1-exonerate_protein2genome-gene-0.3-mRNA-1	maker-CM058174.1-exonerate_protein2genome-gene-0.3-mRNA-1	relaxed	CM058174.1	5956054	5957849	+
CM058174.1_5956054-5957849f	CM058174.1_5956054-5957849f_X3-5956054-5957849-IRN_041817	IRN_041817	accept	GCA_030254905.1_UOB_LRV0_1_genomic	rna-Dmagna023631-T1	rna-Dmagna023631-T1	relaxed	CM058174.1	5956054	5957849	+
CM058174.1_5956054-5957849f	CM058174.1_5956054-5957849f_X4-5956054-5957849-IRN_051513	IRN_051513	accept	Dmagna_LRV_snap-aug	augustus_masked-CM058174.1-processed-gene-1.453-mRNA-1	augustus_masked-CM058174.1-processed-gene-1.453-mRNA-1	relaxed	CM058174.1	5956054	5957849	+
CM058174.1_6711073-6713039f	CM058174.1_6711073-6713039f_X1-6711073-6713039-IRN_015377	IRN_015377	accept	Dmagna_LRV_IRs_braker_fixed	g7032.t1	g7032.t1	strict	CM058174.1	6711073	6713039	+
CM058174.1_6711073-6713039f	CM058174.1_6711073-6713039f_X2-6711073-6713039-IRN_018704	IRN_018704	accept	Dmagna_LRV_rnd1	maker-CM058174.1-exonerate_protein2genome-gene-0.6-mRNA-1	maker-CM058174.1-exonerate_protein2genome-gene-0.6-mRNA-1	strict	CM058174.1	6711073	6713039	+
CM058174.1_6711073-6713039f	CM058174.1_6711073-6713039f_X3-6711073-6713039-IRN_042050	IRN_042050	accept	GCA_030254905.1_UOB_LRV0_1_genomic	rna-Dmagna023854-T1	rna-Dmagna023854-T1	strict	CM058174.1	6711073	6713039	+
CM058174.1_6711073-6713039f	CM058174.1_6711073-6713039f_X4-6711073-6713039-IRN_051514	IRN_051514	accept	Dmagna_LRV_snap-aug	augustus_masked-CM058174.1-processed-gene-1.482-mRNA-1	augustus_masked-CM058174.1-processed-gene-1.482-mRNA-1	strict	CM058174.1	6711073	6713039	+
CM058174.1_6760202-6762141r	CM058174.1_6760202-6762141r_X1-6760202-6761910-IRN_042068	IRN_042068	reject	GCA_030254905.1_UOB_LRV0_1_genomic	rna-Dmagna023872-T1	rna-Dmagna023872-T1	relaxed	CM058174.1	6760202	6761910	-
CM058174.1_6760202-6762141r	CM058174.1_6760202-6762141r_X2-6760202-6762141-IRN_015386	IRN_015386	accept	Dmagna_LRV_IRs_braker_fixed	g7040.t1	g7040.t1	strict	CM058174.1	6760202	6762141	-
CM058174.1_6760202-6762141r	CM058174.1_6760202-6762141r_X3-6760202-6762141-IRN_018702	IRN_018702	accept	Dmagna_LRV_rnd1	maker-CM058174.1-exonerate_protein2genome-gene-0.16-mRNA-1	maker-CM058174.1-exonerate_protein2genome-gene-0.16-mRNA-1	strict	CM058174.1	6760202	6762141	-
CM058174.1_6760202-6762141r	CM058174.1_6760202-6762141r_X4-6760202-6762141-IRN_051545	IRN_051545	accept	Dmagna_LRV_snap-aug	maker-CM058174.1-augustus-gene-1.1066-mRNA-1	maker-CM058174.1-augustus-gene-1.1066-mRNA-1	strict	CM058174.1	6760202	6762141	-
CM058175.1_1119668-1130567f	CM058175.1_1119668-1130567f_X1-1119668-1121784-IRN_033493	IRN_033493	reject	GCA_030254905.1_UOB_LRV0_1_genomic	rna-Dmagna014580-T2	rna-Dmagna014580-T2	fail	CM058175.1	1119668	1121784	+
CM058175.1_1119668-1130567f	CM058175.1_1119668-1130567f_X2-1119668-1122192-IRN_016450	IRN_016450	accept	Dmagna_LRV_IRs_braker_fixed	g7999.t1	g7999.t1	strict	CM058175.1	1119668	1122192	+
CM058175.1_1119668-1130567f	CM058175.1_1119668-1130567f_X3-1119668-1122192-IRN_033492	IRN_033492	accept	GCA_030254905.1_UOB_LRV0_1_genomic	rna-Dmagna014580-T1	rna-Dmagna014580-T1	strict	CM058175.1	1119668	1122192	+
CM058175.1_1119668-1130567f	CM058175.1_1119668-1130567f_X4-1119668-1130567-IRN_018705	IRN_018705	reject	Dmagna_LRV_rnd1	maker-CM058175.1-exonerate_protein2genome-gene-0.0-mRNA-1	maker-CM058175.1-exonerate_protein2genome-gene-0.0-mRNA-1	strict	CM058175.1	1119668	1130567	+
CM058175.1_1119668-1130567f	CM058175.1_1119668-1130567f_X5-1119668-1130567-IRN_051550	IRN_051550	reject	Dmagna_LRV_snap-aug	maker-CM058175.1-snap-gene-1.46-mRNA-1	maker-CM058175.1-snap-gene-1.46-mRNA-1	fail	CM058175.1	1119668	1130567	+
CM058175.1_1119668-1130567f	CM058175.1_1119668-1130567f_X6-1128126-1130567-IRN_016454	IRN_016454	accept	Dmagna_LRV_IRs_braker_fixed	g8000.t1	g8000.t1	strict	CM058175.1	1128126	1130567	+
CM058175.1_1155735-1158209f	CM058175.1_1155735-1158209f_X1-1155735-1158209-IRN_016461	IRN_016461	accept	Dmagna_LRV_IRs_braker_fixed	g8007.t1	g8007.t1	strict	CM058175.1	1155735	1158209	+
CM058175.1_1155735-1158209f	CM058175.1_1155735-1158209f_X2-1155735-1158209-IRN_018711	IRN_018711	accept	Dmagna_LRV_rnd1	maker-CM058175.1-exonerate_protein2genome-gene-0.7-mRNA-1	maker-CM058175.1-exonerate_protein2genome-gene-0.7-mRNA-1	strict	CM058175.1	1155735	1158209	+
CM058175.1_1155735-1158209f	CM058175.1_1155735-1158209f_X3-1155735-1158209-IRN_033505	IRN_033505	accept	GCA_030254905.1_UOB_LRV0_1_genomic	rna-Dmagna014591-T1	rna-Dmagna014591-T1	strict	CM058175.1	1155735	1158209	+
CM058175.1_1155735-1158209f	CM058175.1_1155735-1158209f_X4-1155735-1158209-IRN_051546	IRN_051546	accept	Dmagna_LRV_snap-aug	maker-CM058175.1-augustus-gene-1.1036-mRNA-1	maker-CM058175.1-augustus-gene-1.1036-mRNA-1	strict	CM058175.1	1155735	1158209	+
CM058175.1_1155735-1158209f	CM058175.1_1155735-1158209f_X5-1155926-1158209-IRN_033506	IRN_033506	accept	GCA_030254905.1_UOB_LRV0_1_genomic	rna-Dmagna014591-T2	rna-Dmagna014591-T2	strict	CM058175.1	1155926	1158209	+
CM058175.1_1422346-1434479f	CM058175.1_1422346-1434479f_X1-1422346-1425441-IRN_033588	IRN_033588	accept	GCA_030254905.1_UOB_LRV0_1_genomic	rna-Dmagna014682-T1	rna-Dmagna014682-T1	relaxed	CM058175.1	1422346	1425441	+
CM058175.1_1422346-1434479f	CM058175.1_1422346-1434479f_X2-1422377-1434479-IRN_051551	IRN_051551	reject	Dmagna_LRV_snap-aug	maker-CM058175.1-snap-gene-1.48-mRNA-1	maker-CM058175.1-snap-gene-1.48-mRNA-1	fail	CM058175.1	1422377	1434479	+
CM058175.1_1422346-1434479f	CM058175.1_1422346-1434479f_X3-1422448-1425441-IRN_016521	IRN_016521	accept	Dmagna_LRV_IRs_braker_fixed	g8060.t1	g8060.t1	relaxed	CM058175.1	1422448	1425441	+
CM058175.1_1422346-1434479f	CM058175.1_1422346-1434479f_X4-1422448-1425441-IRN_018712	IRN_018712	accept	Dmagna_LRV_rnd1	maker-CM058175.1-exonerate_protein2genome-gene-0.9-mRNA-1	maker-CM058175.1-exonerate_protein2genome-gene-0.9-mRNA-1	relaxed	CM058175.1	1422448	1425441	+
CM058175.1_1422346-1434479f	CM058175.1_1422346-1434479f_X5-1430058-1432138-IRN_016522	IRN_016522	accept	Dmagna_LRV_IRs_braker_fixed	g8061.t1	g8061.t1	strict	CM058175.1	1430058	1432138	+
CM058175.1_1422346-1434479f	CM058175.1_1422346-1434479f_X6-1430127-1431864-IRN_033589	IRN_033589	reject	GCA_030254905.1_UOB_LRV0_1_genomic	rna-Dmagna014683-T1	rna-Dmagna014683-T1	fail	CM058175.1	1430127	1431864	+
CM058175.1_1422346-1434479f	CM058175.1_1422346-1434479f_X7-1430127-1432138-IRN_033590	IRN_033590	reject	GCA_030254905.1_UOB_LRV0_1_genomic	rna-Dmagna014683-T2	rna-Dmagna014683-T2	relaxed	CM058175.1	1430127	1432138	+
CM058175.1_8530273-8536426r	CM058175.1_8530273-8536426r_X1-8530273-8532226-IRN_017733	IRN_017733	accept	Dmagna_LRV_IRs_braker_fixed	g9151.t1	g9151.t1	strict	CM058175.1	8530273	8532226	-
CM058175.1_8530273-8536426r	CM058175.1_8530273-8536426r_X2-8530273-8532226-IRN_018709	IRN_018709	accept	Dmagna_LRV_rnd1	maker-CM058175.1-exonerate_protein2genome-gene-0.27-mRNA-1	maker-CM058175.1-exonerate_protein2genome-gene-0.27-mRNA-1	strict	CM058175.1	8530273	8532226	-
CM058175.1_8530273-8536426r	CM058175.1_8530273-8536426r_X3-8530273-8532226-IRN_051548	IRN_051548	accept	Dmagna_LRV_snap-aug	maker-CM058175.1-augustus-gene-1.1043-mRNA-1	maker-CM058175.1-augustus-gene-1.1043-mRNA-1	strict	CM058175.1	8530273	8532226	-
CM058175.1_8530273-8536426r	CM058175.1_8530273-8536426r_X4-8530273-8536426-IRN_035277	IRN_035277	reject	GCA_030254905.1_UOB_LRV0_1_genomic	rna-Dmagna016395-T1	rna-Dmagna016395-T1	fail	CM058175.1	8530273	8536426	-
CM058175.1_10107527-10109560f	CM058175.1_10107527-10109560f_X1-10107527-10109560-IRN_018012	IRN_018012	accept	Dmagna_LRV_IRs_braker_fixed	g9402.t1	g9402.t1	strict	CM058175.1	10107527	10109560	+
CM058175.1_10107527-10109560f	CM058175.1_10107527-10109560f_X2-10107527-10109560-IRN_018706	IRN_018706	accept	Dmagna_LRV_rnd1	maker-CM058175.1-exonerate_protein2genome-gene-0.15-mRNA-1	maker-CM058175.1-exonerate_protein2genome-gene-0.15-mRNA-1	strict	CM058175.1	10107527	10109560	+
CM058175.1_10107527-10109560f	CM058175.1_10107527-10109560f_X3-10107527-10109560-IRN_051547	IRN_051547	accept	Dmagna_LRV_snap-aug	maker-CM058175.1-augustus-gene-1.1040-mRNA-1	maker-CM058175.1-augustus-gene-1.1040-mRNA-1	strict	CM058175.1	10107527	10109560	+
CM058175.1_10244034-10267738r	CM058175.1_10244034-10267738r_X1-10244034-10267738-IRN_018036	IRN_018036	reject	Dmagna_LRV_IRs_braker_fixed	g9424.t1	g9424.t1	fail	CM058175.1	10244034	10267738	-
CM058175.1_10244034-10267738r	CM058175.1_10244034-10267738r_X2-10244034-10267738-IRN_018037	IRN_018037	reject	Dmagna_LRV_IRs_braker_fixed	g9424.t2	g9424.t2	fail	CM058175.1	10244034	10267738	-
CM058175.1_10244034-10267738r	CM058175.1_10244034-10267738r_X3-10253245-10259578-IRN_035780	IRN_035780	reject	GCA_030254905.1_UOB_LRV0_1_genomic	rna-Dmagna016899-T1	rna-Dmagna016899-T1	relaxed	CM058175.1	10253245	10259578	-
CM058175.1_10244034-10267738r	CM058175.1_10244034-10267738r_X4-10253320-10267738-IRN_018710	IRN_018710	accept	Dmagna_LRV_rnd1	maker-CM058175.1-exonerate_protein2genome-gene-0.31-mRNA-1	maker-CM058175.1-exonerate_protein2genome-gene-0.31-mRNA-1	strict	CM058175.1	10253320	10267738	-
CM058175.1_10244034-10267738r	CM058175.1_10244034-10267738r_X5-10253320-10267738-IRN_051549	IRN_051549	accept	Dmagna_LRV_snap-aug	maker-CM058175.1-exonerate_protein2genome-gene-0.31-mRNA-1	maker-CM058175.1-exonerate_protein2genome-gene-0.31-mRNA-1	strict	CM058175.1	10253320	10267738	-
CM058175.1_10436161-10450087f	CM058175.1_10436161-10450087f_X1-10436161-10450078-IRN_051552	IRN_051552	reject	Dmagna_LRV_snap-aug	maker-CM058175.1-snap-gene-1.50-mRNA-1	maker-CM058175.1-snap-gene-1.50-mRNA-1	fail	CM058175.1	10436161	10450078	+
CM058175.1_10436161-10450087f	CM058175.1_10436161-10450087f_X2-10436296-10438238-IRN_018066	IRN_018066	accept	Dmagna_LRV_IRs_braker_fixed	g9450.t1	g9450.t1	strict	CM058175.1	10436296	10438238	+
CM058175.1_10436161-10450087f	CM058175.1_10436161-10450087f_X3-10436296-10438238-IRN_018708	IRN_018708	accept	Dmagna_LRV_rnd1	maker-CM058175.1-exonerate_protein2genome-gene-0.21-mRNA-1	maker-CM058175.1-exonerate_protein2genome-gene-0.21-mRNA-1	strict	CM058175.1	10436296	10438238	+
CM058175.1_10436161-10450087f	CM058175.1_10436161-10450087f_X4-10436966-10438238-IRN_035832	IRN_035832	reject	GCA_030254905.1_UOB_LRV0_1_genomic	rna-Dmagna016948-T1	rna-Dmagna016948-T1	relaxed	CM058175.1	10436966	10438238	+
CM058175.1_10436161-10450087f	CM058175.1_10436161-10450087f_X5-10446314-10450087-IRN_018707	IRN_018707	accept	Dmagna_LRV_rnd1	maker-CM058175.1-exonerate_protein2genome-gene-0.20-mRNA-1	maker-CM058175.1-exonerate_protein2genome-gene-0.20-mRNA-1	strict	CM058175.1	10446314	10450087	+
CM058175.1_10436161-10450087f	CM058175.1_10436161-10450087f_X6-10446314-10450087-IRN_035835	IRN_035835	accept	GCA_030254905.1_UOB_LRV0_1_genomic	rna-Dmagna016951-T1	rna-Dmagna016951-T1	strict	CM058175.1	10446314	10450087	+
CM058175.1_10436161-10450087f	CM058175.1_10436161-10450087f_X7-10446317-10450087-IRN_018068	IRN_018068	accept	Dmagna_LRV_IRs_braker_fixed	g9452.t1	g9452.t1	strict	CM058175.1	10446317	10450087	+
