# gnl|WGS:ZZZZ|Megafenestra_006674-P1
#AA,Beta,Periplasm,Membrane,Inside,Outside,Signal
0 M,0.0,0.0,0.0,0.0,0.0,1.0
1 R,0.0,0.0,0.0,0.0,0.0,1.0
2 I,0.0,0.0,0.0,0.0,0.0,1.0
3 L,0.0,0.0,0.0,0.0,0.0,1.0
4 L,0.0,0.0,0.0,0.0,0.0,1.0
5 L,0.0,0.0,0.0,0.0,0.0,1.0
6 L,0.0,0.0,0.0,0.0,0.0,1.0
7 L,0.0,0.0,0.0,0.0,0.0,1.0
8 L,0.0,0.0,0.0,0.0,0.0,1.0
9 A,0.0,0.0,0.0,0.0,0.0,1.0
10 S,0.0,0.0,0.0,0.0,0.0,1.0
11 Q,0.0,0.0,0.0,0.0,0.0,1.0
12 L,0.0,0.0,0.0,0.0,0.0,1.0
13 D,0.0,0.0,0.0,0.0,1e-05,1.0
14 T,0.0,0.0,0.0,0.0,6e-05,1.0
15 S,0.0,0.0,0.0,0.0,0.00084,1.0
16 L,0.0,0.0,0.0,0.0,0.00398,0.99789
17 S,0.0,0.0,0.0,0.0,0.03145,0.97041
18 E,0.0,0.0,0.0,0.0,0.99143,0.01048
19 D,0.0,0.0,0.0,0.0,1.0,0.00116
20 L,0.0,0.0,0.0,0.0,1.0,0.00017
21 H,0.0,0.0,0.0,0.0,1.0,3e-05
22 Q,0.0,0.0,0.0,0.0,1.0,1e-05
23 Y,0.0,0.0,0.0,0.0,1.0,0.0
24 L,0.0,0.0,0.0,0.0,1.0,0.0
25 K,0.0,0.0,0.0,0.0,1.0,0.0
26 V,0.0,0.0,0.0,0.0,1.0,0.0
27 Q,0.0,0.0,0.0,0.0,1.0,0.0
28 F,0.0,0.0,0.0,0.0,1.0,0.0
29 L,0.0,0.0,0.0,0.0,1.0,0.0
30 H,0.0,0.0,0.0,0.0,1.0,0.0
31 E,0.0,0.0,0.0,0.0,1.0,0.0
32 L,0.0,0.0,0.0,0.0,1.0,0.0
33 A,0.0,0.0,0.0,0.0,1.0,0.0
34 Q,0.0,0.0,0.0,0.0,1.0,0.0
35 N,0.0,0.0,0.0,0.0,1.0,0.0
36 G,0.0,0.0,0.0,0.0,1.0,0.0
37 P,0.0,0.0,0.0,0.0,1.0,0.0
38 I,0.0,0.0,0.0,0.0,1.0,0.0
39 S,0.0,0.0,0.0,0.0,1.0,0.0
40 W,0.0,0.0,0.0,0.0,1.0,0.0
41 K,0.0,0.0,0.0,0.0,1.0,0.0
42 C,0.0,0.0,0.0,0.0,1.0,0.0
43 L,0.0,0.0,0.0,0.0,1.0,0.0
44 C,0.0,0.0,0.0,0.0,1.0,0.0
45 I,0.0,0.0,0.0,0.0,1.0,0.0
46 L,0.0,0.0,0.0,0.0,1.0,0.0
47 L,0.0,0.0,0.0,0.0,1.0,0.0
48 D,0.0,0.0,0.0,0.0,1.0,0.0
49 D,0.0,0.0,0.0,0.0,1.0,0.0
50 H,0.0,0.0,0.0,0.0,1.0,0.0
51 V,0.0,0.0,0.0,0.0,1.0,0.0
52 D,0.0,0.0,0.0,0.0,1.0,0.0
53 D,0.0,0.0,0.0,0.0,1.0,0.0
54 I,0.0,0.0,0.0,0.0,1.0,0.0
55 H,0.0,0.0,0.0,0.0,1.0,0.0
56 Y,0.0,0.0,0.0,0.0,1.0,0.0
57 Q,0.0,0.0,0.0,0.0,1.0,0.0
58 W,0.0,0.0,0.0,0.0,1.0,0.0
59 I,0.0,0.0,0.0,0.0,1.0,0.0
60 S,0.0,0.0,0.0,0.0,1.0,0.0
61 D,0.0,0.0,0.0,0.0,1.0,0.0
62 V,0.0,0.0,0.0,0.0,1.0,0.0
63 K,0.0,0.0,0.0,0.0,1.0,0.0
64 I,0.0,0.0,0.0,0.0,1.0,0.0
65 P,0.0,0.0,0.0,0.0,1.0,0.0
66 K,0.0,0.0,0.0,0.0,1.0,0.0
67 I,0.0,0.0,0.0,0.0,1.0,0.0
68 I,0.0,0.0,0.0,0.0,1.0,0.0
69 I,0.0,0.0,0.0,0.0,1.0,0.0
70 T,0.0,0.0,0.0,0.0,1.0,0.0
71 P,0.0,0.0,0.0,0.0,1.0,0.0
72 S,0.0,0.0,0.0,0.0,1.0,0.0
73 S,0.0,0.0,0.0,0.0,1.0,0.0
74 N,0.0,0.0,0.0,0.0,1.0,0.0
75 V,0.0,0.0,0.0,0.0,1.0,0.0
76 N,0.0,0.0,0.0,0.0,1.0,0.0
77 I,0.0,0.0,0.0,0.0,1.0,0.0
78 P,0.0,0.0,0.0,0.0,1.0,0.0
79 I,0.0,0.0,0.0,0.0,1.0,0.0
80 K,0.0,0.0,0.0,0.0,1.0,0.0
81 L,0.0,0.0,0.0,0.0,1.0,0.0
82 I,0.0,0.0,0.0,0.0,1.0,0.0
83 D,0.0,0.0,0.0,0.0,1.0,0.0
84 A,0.0,0.0,0.0,0.0,1.0,0.0
85 Y,0.0,0.0,0.0,0.0,1.0,0.0
86 L,0.0,0.0,0.0,0.0,1.0,0.0
87 I,0.0,0.0,0.0,0.0,1.0,0.0
88 F,0.0,0.0,0.0,0.0,1.0,0.0
89 T,0.0,0.0,0.0,0.0,1.0,0.0
90 T,0.0,0.0,0.0,0.0,1.0,0.0
91 K,0.0,0.0,0.0,0.0,1.0,0.0
92 E,0.0,0.0,0.0,0.0,1.0,0.0
93 L,0.0,0.0,0.0,0.0,1.0,0.0
94 L,0.0,0.0,0.0,0.0,1.0,0.0
95 T,0.0,0.0,0.0,0.0,1.0,0.0
96 E,0.0,0.0,0.0,0.0,1.0,0.0
97 T,0.0,0.0,0.0,0.0,1.0,0.0
98 E,0.0,0.0,0.0,0.0,1.0,0.0
99 N,0.0,0.0,0.0,0.0,1.0,0.0
100 S,0.0,0.0,0.0,0.0,1.0,0.0
101 I,0.0,0.0,0.0,0.0,1.0,0.0
102 S,0.0,0.0,0.0,0.0,1.0,0.0
103 N,0.0,0.0,0.0,0.0,1.0,0.0
104 L,0.0,0.0,0.0,0.0,1.0,0.0
105 I,0.0,0.0,0.0,0.0,1.0,0.0
106 K,0.0,0.0,0.0,0.0,1.0,0.0
107 S,0.0,0.0,0.0,0.0,1.0,0.0
108 K,0.0,0.0,0.0,0.0,1.0,0.0
109 Q,0.0,0.0,0.0,0.0,1.0,0.0
110 L,0.0,0.0,0.0,0.0,1.0,0.0
111 D,0.0,0.0,0.0,0.0,1.0,0.0
112 P,0.0,0.0,0.0,0.0,1.0,0.0
113 T,0.0,0.0,0.0,0.0,1.0,0.0
114 E,0.0,0.0,0.0,0.0,0.99994,0.0
115 R,0.0,0.0,0.0,0.0,0.99988,0.0
116 L,0.0,0.0,0.0,0.0,0.99988,0.0
117 I,0.0,0.0,0.0,0.0,0.99982,0.0
118 I,0.0,0.0,0.0,0.0,0.99982,0.0
119 F,0.0,0.0,0.0,0.0,0.99976,0.0
120 S,0.0,0.0,0.0,0.0,0.99976,0.0
121 D,0.0,0.0,0.0,0.0,0.99969,0.0
122 N,0.0,0.0,0.0,0.0,0.99963,0.0
123 S,0.0,0.0,0.0,0.0,0.99963,0.0
124 I,0.0,0.0,0.0,0.0,0.99963,0.0
125 Q,0.0,0.0,0.0,0.0,0.99957,0.0
126 L,0.0,0.0,0.0,0.0,0.99951,0.0
127 L,0.0,0.0,0.0,0.0,0.99951,0.0
128 Q,0.0,0.0,0.0,0.0,0.99951,0.0
129 S,0.0,0.0,0.0,0.0,0.99945,0.0
130 T,0.0,0.0,0.0,0.0,0.99939,0.0
131 D,0.0,0.0,0.0,0.0,0.99939,0.0
132 L,0.0,0.0,0.0,0.0,0.99927,0.0
133 D,0.0,0.0,0.0,0.0,0.99927,0.0
134 Q,0.0,0.0,0.0,0.0,0.99921,0.0
135 M,0.0,0.0,0.0,0.0,0.99921,0.0
136 L,0.0,0.0,0.0,0.0,0.99921,0.0
137 V,0.0,0.0,0.0,0.0,0.99915,0.0
138 Q,0.0,0.0,0.0,0.0,0.99915,0.0
139 P,0.0,0.0,0.0,0.0,0.99908,0.0
140 K,0.0,0.0,0.0,0.0,0.99902,0.0
141 F,0.0,0.0,0.0,0.0,0.99902,0.0
142 R,0.0,0.0,0.0,0.0,0.99902,0.0
143 W,0.0,0.0,0.0,0.0,0.99902,0.0
144 N,0.0,0.0,0.0,0.0,0.99896,0.0
145 T,0.0,0.0,0.0,0.0,0.9989,0.0
146 R,0.0,0.0,0.0,0.0,0.9989,0.0
147 T,0.0,0.0,0.0,0.0,0.99884,0.0
148 G,0.0,0.0,0.0,0.0,0.99878,0.0
149 L,0.0,0.0,0.0,0.0,0.99878,0.0
150 S,0.0,0.0,0.0,0.0,0.99872,0.0
151 D,0.0,0.0,0.0,0.0,0.99866,0.0
152 Q,0.0,0.0,0.0,0.0,0.99866,0.0
153 P,0.0,0.0,0.0,0.0,0.9986,0.0
154 I,0.0,0.0,0.0,0.0,0.99854,0.0
155 L,0.0,0.0,0.0,0.0,0.99854,0.0
156 K,0.0,0.0,0.0,0.0,0.99854,0.0
157 I,0.0,0.0,0.0,0.0,0.99848,0.0
158 H,0.0,0.0,0.0,0.0,0.99841,0.0
159 H,0.0,0.0,0.0,0.0,0.99841,0.0
160 Y,0.0,0.0,0.0,0.0,0.99835,0.0
161 R,0.0,0.0,0.0,0.0,0.99829,0.0
162 P,0.0,0.0,0.0,0.0,0.99829,0.0
163 L,0.0,0.0,0.0,0.0,0.99823,0.0
164 T,0.0,0.0,0.0,0.0,0.99823,0.0
165 S,0.0,0.0,0.0,0.0,0.99823,0.0
166 L,0.0,0.0,0.0,0.0,0.99817,0.0
167 K,0.0,0.0,0.0,0.0,0.99817,0.0
168 P,0.0,0.0,0.0,0.0,0.99811,0.0
169 T,0.0,0.0,0.0,0.0,0.99805,0.0
170 E,0.0,0.0,0.0,0.0,0.99805,0.0
171 R,0.0,0.0,0.0,0.0,0.99805,0.0
172 T,0.0,0.0,0.0,0.0,0.99793,0.0
173 G,0.0,0.0,0.0,0.0,0.99793,0.0
174 I,0.0,0.0,0.0,0.0,0.99793,0.0
175 Y,0.0,0.0,0.0,0.0,0.99793,0.0
176 D,0.0,0.0,0.0,0.0,0.99787,0.0
177 G,0.0,0.0,0.0,0.0,0.99781,0.0
178 S,0.0,0.0,0.0,0.0,0.99781,0.0
179 R,0.0,0.0,0.0,0.0,0.99781,0.0
180 L,0.0,0.0,0.0,0.0,0.99774,0.0
181 T,0.0,0.0,0.0,0.0,0.99774,0.0
182 S,0.0,0.0,0.0,0.0,0.99774,0.0
183 D,0.0,0.0,0.0,0.0,0.99768,0.0
184 M,0.0,0.0,0.0,0.0,0.99768,0.0
185 K,0.0,0.0,0.0,0.0,0.99768,0.0
186 R,0.0,0.0,0.0,0.0,0.99762,0.0
187 L,0.0,0.0,0.0,0.0,0.99762,0.0
188 L,0.0,0.0,0.0,0.0,0.99756,0.0
189 F,0.0,0.0,0.0,0.0,0.99756,0.0
190 D,0.0,0.0,0.0,0.0,0.9975,0.0
191 Q,0.0,0.0,0.0,0.0,0.9975,0.0
192 S,0.0,0.0,0.0,0.0,0.99744,0.0
193 F,0.0,0.0,0.0,0.0,0.99738,0.0
194 N,0.0,0.0,0.0,0.0,0.99738,0.0
195 Y,0.0,0.0,0.0,0.0,0.99738,0.0
196 G,0.0,0.0,0.0,0.0,0.99732,0.0
197 D,0.0,0.0,0.0,0.0,0.99732,0.0
198 K,0.0,0.0,0.0,0.0,0.99732,0.0
199 D,0.0,0.0,0.0,0.0,0.99726,0.0
200 L,0.0,0.0,0.0,0.0,0.9972,0.0
201 K,0.0,0.0,0.0,0.0,0.9972,0.0
202 V,0.0,0.0,0.0,0.0,0.9972,0.0
203 T,0.0,0.0,0.0,0.0,0.99714,0.0
204 T,0.0,0.0,0.0,0.0,0.99707,0.0
205 F,0.0,0.0,0.0,0.0,0.99707,0.0
206 L,0.0,0.0,0.0,0.0,0.99707,0.0
207 S,0.0,0.0,0.0,0.0,0.99701,0.0
208 P,0.0,0.0,0.0,0.0,0.99695,0.0
209 P,0.0,0.0,0.0,0.0,0.99695,0.0
210 T,0.0,0.0,0.0,0.0,0.99689,0.0
211 T,0.0,0.0,0.0,0.0,0.99689,0.0
212 I,0.0,0.0,0.0,0.0,0.99683,0.0
213 E,0.0,0.0,0.0,0.0,0.99677,0.0
214 C,0.0,0.0,0.0,0.0,0.99671,0.0
215 K,0.0,0.0,0.0,0.0,0.99665,0.0
216 Y,0.0,0.0,0.0,0.0,0.99665,0.0
217 D,0.0,0.0,0.0,0.0,0.99665,0.0
218 D,0.0,0.0,0.0,0.0,0.99665,0.0
219 K,0.0,0.0,0.0,0.0,0.99665,0.0
220 N,0.0,0.0,0.0,0.0,0.99665,0.0
221 Q,0.0,0.0,0.0,0.0,0.99665,0.0
222 L,0.0,0.0,0.0,0.0,0.99665,0.0
223 C,0.0,0.0,0.0,0.0,0.99665,0.0
224 G,0.0,0.0,0.0,0.0,0.99665,0.0
225 R,0.0,0.0,0.0,0.0,0.99671,0.0
226 D,0.0,0.0,0.0,0.0,0.99671,0.0
227 P,0.0,0.0,0.0,0.0,0.99671,0.0
228 N,0.0,0.0,0.0,0.0,0.99671,0.0
229 L,0.0,0.0,0.0,0.0,0.99671,0.0
230 I,0.0,0.0,0.0,0.0,0.99671,0.0
231 R,0.0,0.0,0.0,0.0,0.99671,0.0
232 A,0.0,0.0,0.0,0.0,0.99671,0.0
233 I,0.0,0.0,0.0,0.0,0.99671,0.0
234 G,0.0,0.0,0.0,0.0,0.99671,0.0
235 E,0.0,0.0,0.0,0.0,0.99671,0.0
236 I,0.0,0.0,0.0,0.0,0.99671,0.0
237 L,0.0,0.0,0.0,0.0,0.99671,0.0
238 H,0.0,0.0,0.0,0.0,0.99671,0.0
239 F,0.0,0.0,0.0,0.0,0.99671,0.0
240 R,0.0,0.0,0.0,0.0,0.99671,0.0
241 P,0.0,0.0,0.0,0.0,0.99671,0.0
242 I,0.0,0.0,0.0,0.0,0.99671,0.0
243 F,0.0,0.0,0.0,0.0,0.99671,0.0
244 L,0.0,0.0,0.0,0.0,0.99665,0.0
245 P,0.0,0.0,0.0,0.0,0.99665,0.0
246 P,0.0,0.0,0.0,0.0,0.99665,0.0
247 K,0.0,0.0,0.0,0.0,0.99665,0.0
248 L,0.0,0.0,0.0,0.0,0.99671,0.0
249 K,0.0,0.0,0.0,0.0,0.99671,0.0
250 G,0.0,0.0,0.0,0.0,0.99671,0.0
251 S,0.0,0.0,0.0,0.0,0.99671,0.0
252 K,0.0,0.0,0.0,0.0,0.99671,0.0
253 W,0.0,0.0,0.0,0.0,0.99665,0.0
254 G,0.0,0.0,0.0,0.0,0.99665,0.0
255 D,0.0,0.0,0.0,0.0,0.99665,0.0
256 R,0.0,0.0,0.0,0.0,0.99665,0.0
257 L,0.0,0.0,0.0,0.0,0.99665,0.0
258 N,0.0,0.0,0.0,0.0,0.99665,0.0
259 N,0.0,0.0,0.0,0.0,0.99665,0.0
260 G,0.0,0.0,0.0,0.0,0.99665,0.0
261 T,0.0,0.0,0.0,0.0,0.99665,0.0
262 W,0.0,0.0,0.0,0.0,0.99665,0.0
263 T,0.0,0.0,0.0,0.0,0.99665,0.0
264 G,0.0,0.0,0.0,0.0,0.99665,0.0
265 L,0.0,0.0,0.0,0.0,0.99665,0.0
266 I,0.0,0.0,0.0,0.0,0.99665,0.0
267 G,0.0,0.0,0.0,0.0,0.99665,0.0
268 D,0.0,0.0,0.0,0.0,0.99665,0.0
269 V,0.0,0.0,0.0,0.0,0.99665,0.0
270 S,0.0,0.0,0.0,0.0,0.99665,0.0
271 S,0.0,0.0,0.0,0.0,0.99665,0.0
272 G,0.0,0.0,0.0,0.0,0.99665,0.0
273 T,0.0,0.0,0.0,0.0,0.99665,0.0
274 T,0.0,0.0,0.0,0.0,0.99665,0.0
275 T,0.0,0.0,0.0,0.0,0.99665,0.0
276 L,0.0,0.0,0.0,0.0,0.99665,0.0
277 G,0.0,0.0,0.0,0.0,0.99665,0.0
278 V,0.0,0.0,0.0,0.0,0.99665,0.0
279 A,0.0,0.0,0.0,0.0,0.99665,0.0
280 N,0.0,0.0,0.0,0.0,0.99665,0.0
281 V,0.0,0.0,0.0,0.0,0.99665,0.0
282 F,0.0,0.0,0.0,0.0,0.99665,0.0
283 T,0.0,0.0,0.0,0.0,0.99665,0.0
284 T,0.0,0.0,0.0,0.0,0.99665,0.0
285 Q,0.0,0.0,0.0,0.0,0.99665,0.0
286 H,0.0,0.0,0.0,0.0,0.99665,0.0
287 Y,0.0,0.0,0.0,0.0,0.99665,0.0
288 T,0.0,0.0,0.0,0.0,0.99665,0.0
289 E,0.0,0.0,0.0,0.0,0.99665,0.0
290 Q,0.0,0.0,0.0,0.0,0.99665,0.0
291 V,0.0,0.0,0.0,0.0,0.99665,0.0
292 E,0.0,0.0,0.0,0.0,0.99665,0.0
293 M,0.0,0.0,0.0,0.0,0.99665,0.0
294 S,0.0,0.0,0.0,0.0,0.99665,0.0
295 Y,0.0,0.0,0.0,0.0,0.99665,0.0
296 P,0.0,0.0,0.0,0.0,0.99665,0.0
297 Y,0.0,0.0,0.0,0.0,0.99665,0.0
298 D,0.0,0.0,0.0,0.0,0.99665,0.0
299 I,0.0,0.0,0.0,0.0,0.99665,0.0
300 S,0.0,0.0,0.0,0.0,0.99665,0.0
301 C,0.0,0.0,0.0,0.0,0.99665,0.0
302 S,0.0,0.0,0.0,0.0,0.99665,0.0
303 T,0.0,0.0,0.0,0.0,0.99665,0.0
304 F,0.0,0.0,0.0,0.0,0.99665,0.0
305 L,0.0,0.0,0.0,0.0,0.99665,0.0
306 T,0.0,0.0,0.0,0.0,0.99665,0.0
307 P,0.0,0.0,0.0,0.0,0.99665,0.0
308 P,0.0,0.0,0.0,0.0,0.99665,0.0
309 P,0.0,0.0,0.0,0.0,0.99665,0.0
310 E,0.0,0.0,0.0,0.0,0.99665,0.0
311 P,0.0,0.0,0.0,0.0,0.99665,0.0
312 W,0.0,0.0,0.0,0.0,0.99665,0.0
313 P,0.0,0.0,0.0,0.0,0.99665,0.0
314 Q,0.0,0.0,0.0,0.0,0.99665,0.0
315 F,0.0,0.0,0.0,0.0,0.99665,0.0
316 Y,0.0,0.0,0.0,0.0,0.99665,0.0
317 A,0.0,0.0,0.0,0.0,0.99665,0.0
318 L,0.0,0.0,0.0,0.0,0.99665,0.0
319 I,0.0,0.0,0.0,0.0,0.99665,0.0
320 K,0.0,0.0,0.0,0.0,0.99665,0.0
321 P,0.0,0.0,4e-05,0.0,0.99659,0.0
322 F,0.0,0.0,0.00088,0.0,0.99574,0.0
323 D,0.0,0.0,0.06049,0.0,0.93615,0.0
324 P,0.0,0.0,0.58476,0.0,0.41188,0.0
325 L,0.0,0.0,0.9828,0.0,0.01384,0.0
326 L,0.0,0.0,0.99648,0.0,0.00016,0.0
327 W,0.0,0.0,0.99662,0.0,2e-05,0.0
328 L,0.0,0.0,0.99664,0.0,0.0,0.0
329 I,0.0,0.0,0.99667,0.0,0.0,0.0
330 T,0.0,0.0,0.99664,0.0,0.0,0.0
331 F,0.0,0.0,0.99664,0.0,0.0,0.0
332 L,0.0,0.0,0.99664,0.0,0.0,0.0
333 S,0.0,0.0,0.99666,0.0,0.0,0.0
334 L,0.0,0.0,0.99666,0.0,0.0,0.0
335 F,0.0,0.0,0.99666,0.0,0.0,0.0
336 L,0.0,0.0,0.99666,0.0,0.0,0.0
337 G,0.0,0.0,0.99666,0.0,0.0,0.0
338 G,0.0,0.0,0.99666,0.0,0.0,0.0
339 M,0.0,0.0,0.99666,0.0,0.0,0.0
340 L,0.0,0.0,0.99666,0.0,0.0,0.0
341 I,0.0,0.0,0.99666,0.0,0.0,0.0
342 Q,0.0,0.0,0.99666,0.0,0.0,0.0
343 L,0.0,0.0,0.99666,0.0,0.0,0.0
344 I,0.0,0.0,0.99664,2e-05,0.0,0.0
345 A,0.0,0.0,0.98611,0.01054,0.0,0.0
346 I,0.0,0.0,0.97843,0.01823,0.0,0.0
347 A,0.0,0.0,0.94375,0.05291,0.0,0.0
348 Y,0.0,0.0,0.61326,0.38342,0.0,0.0
349 R,0.0,0.0,0.01919,0.97743,0.0,0.0
350 W,0.0,0.0,0.01307,0.9836,0.0,0.0
351 L,0.0,0.0,0.00963,0.98702,0.0,0.0
352 F,0.0,0.0,0.00192,0.99476,0.0,0.0
353 G,0.0,0.0,3e-05,0.99659,0.0,0.0
354 K,0.0,0.0,0.0,0.99665,0.0,0.0
355 Q,0.0,0.0,0.0,0.99665,0.0,0.0
356 D,0.0,0.0,0.0,0.99665,0.0,0.0
357 Q,0.0,0.0,0.0,0.99665,0.0,0.0
358 L,0.0,0.0,0.0,0.99665,0.0,0.0
359 C,0.0,0.0,0.0,0.99665,0.0,0.0
360 V,0.0,0.0,0.0,0.99665,0.0,0.0
361 F,0.0,0.0,0.0,0.99665,0.0,0.0
362 G,0.0,0.0,0.0,0.99665,0.0,0.0
363 E,0.0,0.0,0.0,0.99665,0.0,0.0
364 A,0.0,0.0,0.0,0.99665,0.0,0.0
365 M,0.0,0.0,0.0,0.99665,0.0,0.0
366 I,0.0,0.0,0.0,0.99665,0.0,0.0
367 Y,0.0,0.0,0.0,0.99665,0.0,0.0
368 N,0.0,0.0,0.0,0.99665,0.0,0.0
369 A,0.0,0.0,0.0,0.99665,0.0,0.0
370 Q,0.0,0.0,0.0,0.99665,0.0,0.0
371 S,0.0,0.0,0.0,0.99665,0.0,0.0
372 I,0.0,0.0,0.0,0.99665,0.0,0.0
373 T,0.0,0.0,0.0,0.99665,0.0,0.0
374 G,0.0,0.0,0.0,0.99665,0.0,0.0
375 V,0.0,0.0,0.0,0.99665,0.0,0.0
376 R,0.0,0.0,0.0,0.99665,0.0,0.0
377 A,0.0,0.0,0.0,0.99665,0.0,0.0
378 G,0.0,0.0,0.0,0.99665,0.0,0.0
379 S,0.0,0.0,0.0,0.99665,0.0,0.0
380 G,0.0,0.0,0.0,0.99665,0.0,0.0
381 G,0.0,0.0,0.0,0.99665,0.0,0.0
382 E,0.0,0.0,0.0,0.99665,0.0,0.0
383 R,0.0,0.0,0.0,0.99665,0.0,0.0
384 S,0.0,0.0,0.0,0.99665,0.0,0.0
385 A,0.0,0.0,0.00058,0.9961,0.0,0.0
386 W,0.0,0.0,0.00816,0.98847,0.0,0.0
387 P,0.0,0.0,0.0153,0.98138,0.0,0.0
388 V,0.0,0.0,0.03183,0.96481,0.0,0.0
389 R,0.0,0.0,0.04755,0.9491,0.0,0.0
390 I,0.0,0.0,0.96711,0.02955,0.0,0.0
391 Y,0.0,0.0,0.98719,0.00948,0.0,0.0
392 N,0.0,0.0,0.98895,0.00772,0.0,0.0
393 S,0.0,0.0,0.99043,0.00624,0.0,0.0
394 N,0.0,0.0,0.99345,0.00322,0.0,0.0
395 W,0.0,0.0,0.99638,0.00023,0.0,0.0
396 W,0.0,0.0,0.9966,1e-05,0.0,0.0
397 L,0.0,0.0,0.99662,0.0,0.0,0.0
398 F,0.0,0.0,0.99665,0.0,0.0,0.0
399 C,0.0,0.0,0.99665,0.0,0.0,0.0
400 F,0.0,0.0,0.99663,0.0,0.0,0.0
401 V,0.0,0.0,0.99663,0.0,0.0,0.0
402 L,0.0,0.0,0.99662,0.0,0.0,0.0
403 G,0.0,0.0,0.99662,0.0,0.0,0.0
404 T,0.0,0.0,0.99662,0.0,0.0,0.0
405 I,0.0,0.0,0.9966,0.0,1e-05,0.0
406 Y,0.0,0.0,0.99536,0.0,0.00125,0.0
407 R,0.0,0.0,0.98468,0.0,0.01194,0.0
408 T,0.0,0.0,0.98245,0.0,0.01417,0.0
409 G,0.0,0.0,0.97559,0.0,0.02103,0.0
410 L,0.0,0.0,0.92698,0.0,0.06964,0.0
411 T,0.0,0.0,0.2455,0.0,0.75112,0.0
412 S,0.0,0.0,0.01166,0.0,0.98498,0.0
413 W,0.0,0.0,0.00339,0.0,0.99319,0.0
414 L,0.0,0.0,0.00149,0.0,0.99513,0.0
415 A,0.0,0.0,0.00024,0.0,0.99634,0.0
416 L,0.0,0.0,0.0,0.0,0.99659,0.0
417 S,0.0,0.0,0.0,0.0,0.99659,0.0
418 P,0.0,0.0,0.0,0.0,0.99659,0.0
419 V,0.0,0.0,0.0,0.0,0.99659,0.0
420 L,0.0,0.0,0.0,0.0,0.99659,0.0
421 M,0.0,0.0,0.0,0.0,0.99659,0.0
422 N,0.0,0.0,0.0,0.0,0.99659,0.0
423 P,0.0,0.0,0.0,0.0,0.99659,0.0
424 I,0.0,0.0,0.0,0.0,0.99659,0.0
425 D,0.0,0.0,0.0,0.0,0.99659,0.0
426 T,0.0,0.0,0.0,0.0,0.99659,0.0
427 V,0.0,0.0,0.0,0.0,0.99659,0.0
428 N,0.0,0.0,0.0,0.0,0.99659,0.0
429 Q,0.0,0.0,0.0,0.0,0.99665,0.0
430 L,0.0,0.0,0.0,0.0,0.99665,0.0
431 V,0.0,0.0,0.0,0.0,0.99665,0.0
432 H,0.0,0.0,0.0,0.0,0.99671,0.0
433 S,0.0,0.0,0.0,0.0,0.99671,0.0
434 N,0.0,0.0,0.0,0.0,0.99671,0.0
435 L,0.0,0.0,0.0,0.0,0.99671,0.0
436 K,0.0,0.0,0.0,0.0,0.99671,0.0
437 P,0.0,0.0,0.0,0.0,0.99671,0.0
438 Y,0.0,0.0,0.0,0.0,0.99671,0.0
439 G,0.0,0.0,0.0,0.0,0.99671,0.0
440 F,0.0,0.0,0.0,0.0,0.99671,0.0
441 N,0.0,0.0,0.0,0.0,0.99671,0.0
442 T,0.0,0.0,0.0,0.0,0.99671,0.0
443 F,0.0,0.0,0.0,0.0,0.99671,0.0
444 V,0.0,0.0,0.0,0.0,0.99671,0.0
445 R,0.0,0.0,0.0,0.0,0.99677,0.0
446 D,0.0,0.0,0.0,0.0,0.99677,0.0
447 L,0.0,0.0,0.0,0.0,0.99677,0.0
448 A,0.0,0.0,0.0,0.0,0.99677,0.0
449 Q,0.0,0.0,0.0,0.0,0.99677,0.0
450 Y,0.0,0.0,0.0,0.0,0.99677,0.0
451 S,0.0,0.0,0.0,0.0,0.99683,0.0
452 N,0.0,0.0,0.0,0.0,0.99683,0.0
453 D,0.0,0.0,0.0,0.0,0.99683,0.0
454 P,0.0,0.0,0.0,0.0,0.99683,0.0
455 D,0.0,0.0,0.0,0.0,0.99683,0.0
456 T,0.0,0.0,0.0,0.0,0.99683,0.0
457 I,0.0,0.0,0.0,0.0,0.99677,0.0
458 A,0.0,0.0,0.0,0.0,0.99677,0.0
459 L,0.0,0.0,0.0,0.0,0.99677,0.0
460 G,0.0,0.0,0.0,0.0,0.99677,0.0
461 Q,0.0,0.0,0.0,0.0,0.99677,0.0
462 R,0.0,0.0,0.0,0.0,0.99677,0.0
463 L,0.0,0.0,0.0,0.0,0.99677,0.0
464 E,0.0,0.0,0.0,0.0,0.99683,0.0
465 L,0.0,0.0,0.0,0.0,0.99683,0.0
466 V,0.0,0.0,0.0,0.0,0.99683,0.0
467 P,0.0,0.0,0.0,0.0,0.99683,0.0
468 R,0.0,0.0,0.0,0.0,0.99689,0.0
469 N,0.0,0.0,0.0,0.0,0.99689,0.0
470 V,0.0,0.0,0.0,0.0,0.99689,0.0
471 T,0.0,0.0,0.0,0.0,0.99695,0.0
472 V,0.0,0.0,0.0,0.0,0.99695,0.0
473 Q,0.0,0.0,0.0,0.0,0.99701,0.0
474 M,0.0,0.0,0.0,0.0,0.99707,0.0
475 L,0.0,0.0,0.0,0.0,0.99707,0.0
476 M,0.0,0.0,0.0,0.0,0.99714,0.0
477 T,0.0,0.0,0.0,0.0,0.99714,0.0
478 D,0.0,0.0,0.0,0.0,0.99714,0.0
479 Q,0.0,0.0,0.0,0.0,0.9972,0.0
480 N,0.0,0.0,0.0,0.0,0.99726,0.0
481 G,0.0,0.0,0.0,0.0,0.99726,0.0
482 N,0.0,0.0,0.0,0.0,0.99732,0.0
483 A,0.0,0.0,0.0,0.0,0.99738,0.0
484 L,0.0,0.0,0.0,0.0,0.99744,0.0
485 Y,0.0,0.0,0.0,0.0,0.9975,0.0
486 E,0.0,0.0,0.0,0.0,0.9975,0.0
487 N,0.0,0.0,0.0,0.0,0.9975,0.0
488 K,0.0,0.0,0.0,0.0,0.99756,0.0
489 N,0.0,0.0,0.0,0.0,0.99762,0.0
490 Y,0.0,0.0,0.0,0.0,0.99762,0.0
491 L,0.0,0.0,0.0,0.0,0.99768,0.0
492 K,0.0,0.0,0.0,0.0,0.99768,0.0
493 Y,0.0,0.0,0.0,0.0,0.99774,0.0
494 L,0.0,0.0,0.0,0.0,0.99781,0.0
495 A,0.0,0.0,0.0,0.0,0.99781,0.0
496 S,0.0,0.0,0.0,0.0,0.99781,0.0
497 T,0.0,0.0,0.0,0.0,0.99787,0.0
498 I,0.0,0.0,0.0,0.0,0.99793,0.0
499 L,0.0,0.0,0.0,0.0,0.99793,0.0
500 P,0.0,0.0,0.0,0.0,0.99793,0.0
501 S,0.0,0.0,0.0,0.0,0.99805,0.0
502 A,0.0,0.0,0.0,0.0,0.99805,0.0
503 T,0.0,0.0,0.0,0.0,0.99805,0.0
504 K,0.0,0.0,0.0,0.0,0.99811,0.0
505 N,0.0,0.0,0.0,0.0,0.99817,0.0
506 I,0.0,0.0,0.0,0.0,0.99823,0.0
507 S,0.0,0.0,0.0,0.0,0.99823,0.0
508 V,0.0,0.0,0.0,0.0,0.99823,0.0
509 Q,0.0,0.0,0.0,0.0,0.99823,0.0
510 H,0.0,0.0,0.0,0.0,0.99829,0.0
511 I,0.0,0.0,0.0,0.0,0.99829,0.0
512 D,0.0,0.0,0.0,0.0,0.99835,0.0
513 P,0.0,0.0,0.0,0.0,0.99835,0.0
514 R,0.0,0.0,0.0,0.0,0.99835,0.0
515 L,0.0,0.0,0.0,0.0,0.99841,0.0
516 R,0.0,0.0,0.0,0.0,0.99841,0.0
517 L,0.0,0.0,0.0,0.0,0.99854,0.0
518 H,0.0,0.0,0.0,0.0,0.99854,0.0
519 V,0.0,0.0,0.0,0.0,0.99854,0.0
520 M,0.0,0.0,0.0,0.0,0.99854,0.0
521 R,0.0,0.0,0.0,0.0,0.9986,0.0
522 E,0.0,0.0,0.0,0.0,0.9986,0.0
523 C,0.0,0.0,0.0,0.0,0.99866,0.0
524 L,0.0,0.0,0.0,0.0,0.99866,0.0
525 R,0.0,0.0,0.0,0.0,0.99866,0.0
526 S,0.0,0.0,0.0,0.0,0.99866,0.0
527 F,0.0,0.0,0.0,0.0,0.99866,0.0
528 P,0.0,0.0,0.0,0.0,0.99872,0.0
529 V,0.0,0.0,0.0,0.0,0.99878,0.0
530 A,0.0,0.0,0.0,0.0,0.99878,0.0
531 I,0.0,0.0,0.0,0.0,0.99884,0.0
532 A,0.0,0.0,0.0,0.0,0.9989,0.0
533 M,0.0,0.0,0.0,0.0,0.99896,0.0
534 T,0.0,0.0,0.0,0.0,0.99896,0.0
535 P,0.0,0.0,0.0,0.0,0.99896,0.0
536 G,0.0,0.0,0.0,0.0,0.99902,0.0
537 T,0.0,0.0,0.0,0.0,0.99902,0.0
538 D,0.0,0.0,0.0,0.0,0.99902,0.0
539 L,0.0,0.0,0.0,0.0,0.99908,0.0
540 K,0.0,0.0,0.0,0.0,0.99915,0.0
541 S,0.0,0.0,0.0,0.0,0.99921,0.0
542 P,0.0,0.0,0.0,0.0,0.99921,0.0
543 M,0.0,0.0,0.0,0.0,0.99921,0.0
544 T,0.0,0.0,0.0,0.0,0.99921,0.0
545 R,0.0,0.0,0.0,0.0,0.99921,0.0
546 I,0.0,0.0,0.0,0.0,0.99921,0.0
547 I,0.0,0.0,0.0,0.0,0.99927,0.0
548 H,0.0,0.0,0.0,0.0,0.99927,0.0
549 Q,0.0,0.0,0.0,0.0,0.99933,0.0
550 L,0.0,0.0,0.0,0.0,0.99939,0.0
551 N,0.0,0.0,0.0,0.0,0.99939,0.0
552 A,0.0,0.0,0.0,0.0,0.99939,0.0
553 A,0.0,0.0,0.0,0.0,0.99945,0.0
554 G,0.0,0.0,0.0,0.0,0.99945,0.0
555 L,0.0,0.0,0.0,0.0,0.99951,0.0
556 V,0.0,0.0,0.0,0.0,0.99951,0.0
557 N,0.0,0.0,0.0,0.0,0.99957,0.0
558 Y,0.0,0.0,0.0,0.0,0.99957,0.0
559 W,0.0,0.0,0.0,0.0,0.99963,0.0
560 L,0.0,0.0,0.0,0.0,0.99963,0.0
561 D,0.0,0.0,0.0,0.0,0.99963,0.0
562 S,0.0,0.0,0.0,0.0,0.99969,0.0
563 V,0.0,0.0,0.0,0.0,0.99969,0.0
564 V,0.0,0.0,0.0,0.0,0.99976,0.0
565 D,0.0,0.0,0.0,0.0,0.99976,0.0
566 E,0.0,0.0,0.0,0.0,0.99976,0.0
567 V,0.0,0.0,0.0,0.0,0.99982,0.0
568 T,0.0,0.0,0.0,0.0,0.99982,0.0
569 I,0.0,0.0,0.0,0.0,0.99982,0.0
570 L,0.0,0.0,0.0,0.0,0.99988,0.0
571 R,0.0,0.0,0.0,0.0,0.99988,0.0
572 K,0.0,0.0,0.0,0.0,0.99988,0.0
573 Q,0.0,0.0,0.0,0.0,0.99994,0.0
574 S,0.0,0.0,0.0,0.0,0.99994,0.0
575 K,0.0,0.0,0.0,0.0,1.0,0.0
576 N,0.0,0.0,0.0,0.0,1.0,0.0
577 E,0.0,0.0,0.0,0.0,1.0,0.0
578 S,0.0,0.0,0.0,0.0,1.0,0.0
579 E,0.0,0.0,0.0,0.0,1.0,0.0
580 P,0.0,0.0,0.0,0.0,1.0,0.0
581 T,0.0,0.0,0.0,0.0,1.0,0.0
582 P,0.0,0.0,0.0,0.0,1.0,0.0
583 I,0.0,0.0,0.0,0.0,1.0,0.0
584 S,0.0,0.0,0.0,0.0,1.0,0.0
585 L,0.0,0.0,0.0,0.0,1.0,0.0
586 Y,0.0,0.0,2e-05,0.0,1.0,0.0
587 H,0.0,0.0,0.00051,0.0,0.99969,0.0
588 L,0.0,0.0,0.04082,0.0,0.9594,0.0
589 E,0.0,0.0,0.08841,0.0,0.91185,0.0
590 G,0.0,0.0,0.23423,0.0,0.76602,0.0
591 A,0.0,0.0,0.46114,0.0,0.5391,0.0
592 F,0.0,0.0,0.9361,0.0,0.06414,0.0
593 Y,0.0,0.0,0.99538,0.0,0.00483,0.0
594 L,0.0,0.0,1.0,0.0,6e-05,0.0
595 L,0.0,0.0,1.0,0.0,0.0,0.0
596 L,0.0,0.0,1.0,0.0,0.0,0.0
597 L,0.0,0.0,1.0,0.0,0.0,0.0
598 C,0.0,0.0,1.0,0.0,0.0,0.0
599 Y,0.0,0.0,1.0,0.0,0.0,0.0
600 G,0.0,0.0,1.0,0.0,0.0,0.0
601 F,0.0,0.0,1.0,0.0,0.0,0.0
602 S,0.0,0.0,1.0,0.0,0.0,0.0
603 M,0.0,0.0,1.0,0.0,0.0,0.0
604 V,0.0,0.0,1.0,0.0,0.0,0.0
605 S,0.0,0.0,1.0,0.0,0.0,0.0
606 F,0.0,0.0,1.0,0.0,0.0,0.0
607 I,0.0,0.0,1.0,0.0,0.0,0.0
608 A,0.0,0.0,1.0,0.0,0.0,0.0
609 E,0.0,0.0,0.99989,0.00036,0.0,0.0
610 L,0.0,0.0,0.9998,0.00045,0.0,0.0
611 A,0.0,0.0,0.99925,0.001,0.0,0.0
612 V,0.0,0.0,0.98602,0.01423,0.0,0.0
613 R,0.0,0.0,0.03756,0.96269,0.0,0.0
614 Y,0.0,0.0,0.02242,0.97785,0.0,0.0
615 V,0.0,0.0,0.01698,0.9833,0.0,0.0
616 F,0.0,0.0,0.00093,0.99933,0.0,0.0
617 C,0.0,0.0,1e-05,1.0,0.0,0.0
618 R,0.0,0.0,0.0,1.0,0.0,0.0
619 H,0.0,0.0,0.0,1.0,0.0,0.0
620 Y,0.0,0.0,0.0,1.0,0.0,0.0
621 V,0.0,0.0,0.0,1.0,0.0,0.0
622 V,0.0,0.0,0.0,1.0,0.0,0.0
623 I,0.0,0.0,0.0,1.0,0.0,0.0
624 V,0.0,0.0,0.0,1.0,0.0,0.0
625 P,0.0,0.0,0.0,1.0,0.0,0.0
626 S,0.0,0.0,0.0,1.0,0.0,0.0
627 Y,0.0,0.0,0.0,1.0,0.0,0.0
628 D,0.0,0.0,0.0,1.0,0.0,0.0
