protein_id	hardcoded_call	topology_class	hardcoded_reason
IRN_000215	pass	strict	matches_strict_topology
IRN_000216	pass	relaxed	matches_relaxed_topology
IRN_000217	pass	relaxed	matches_relaxed_topology
IRN_000218	pass	relaxed	matches_relaxed_topology
IRN_000471	pass	strict	matches_strict_topology
IRN_001332	pass	strict	matches_strict_topology
IRN_001333	pass	relaxed	matches_relaxed_topology
IRN_002019	pass	strict	matches_strict_topology
IRN_002020	pass	strict	matches_strict_topology
IRN_002072	pass	strict	matches_strict_topology
IRN_002073	pass	strict	matches_strict_topology
IRN_002075	pass	strict	matches_strict_topology
IRN_002185	pass	strict	matches_strict_topology
IRN_002214	pass	strict	matches_strict_topology
IRN_002215	pass	strict	matches_strict_topology
IRN_002216	pass	strict	matches_strict_topology
IRN_002217	pass	strict	matches_strict_topology
IRN_003465	pass	strict	matches_strict_topology
IRN_003466	pass	strict	matches_strict_topology
IRN_003685	pass	strict	matches_strict_topology
IRN_003720	pass	strict	matches_strict_topology
IRN_003721	fail	fail	wrong_feature_order
IRN_005416	fail	fail	wrong_feature_order
IRN_005417	fail	fail	wrong_feature_order
IRN_005737	pass	strict	matches_strict_topology
IRN_005738	pass	strict	matches_strict_topology
IRN_005739	fail	fail	wrong_feature_order
IRN_005740	fail	fail	wrong_feature_order
IRN_005750	pass	strict	matches_strict_topology
IRN_005768	pass	strict	matches_strict_topology
IRN_005769	pass	strict	matches_strict_topology
IRN_005773	pass	strict	matches_strict_topology
IRN_005774	pass	strict	matches_strict_topology
IRN_005775	pass	strict	matches_strict_topology
IRN_005803	pass	strict	matches_strict_topology
IRN_006067	pass	relaxed	matches_relaxed_topology
IRN_006068	pass	relaxed	matches_relaxed_topology
IRN_006145	pass	strict	matches_strict_topology
IRN_006146	pass	strict	matches_strict_topology
IRN_006147	pass	strict	matches_strict_topology
IRN_006568	pass	strict	matches_strict_topology
IRN_006569	pass	strict	matches_strict_topology
IRN_006571	pass	strict	matches_strict_topology
IRN_006572	pass	strict	matches_strict_topology
IRN_006620	pass	strict	matches_strict_topology
IRN_006621	pass	relaxed	matches_relaxed_topology
IRN_006687	pass	strict	matches_strict_topology
IRN_006691	pass	strict	matches_strict_topology
IRN_006692	pass	strict	matches_strict_topology
IRN_006693	pass	strict	matches_strict_topology
IRN_006694	pass	relaxed	matches_relaxed_topology
IRN_006695	fail	fail	wrong_feature_order
IRN_006696	pass	strict	matches_strict_topology
IRN_006708	pass	strict	matches_strict_topology
IRN_006709	fail	fail	wrong_feature_order
IRN_006822	pass	strict	matches_strict_topology
IRN_006823	pass	strict	matches_strict_topology
IRN_006834	pass	strict	matches_strict_topology
IRN_006860	pass	strict	matches_strict_topology
IRN_006871	fail	fail	wrong_feature_order
IRN_006902	pass	strict	matches_strict_topology
IRN_006903	pass	strict	matches_strict_topology
IRN_006904	pass	strict	matches_strict_topology
IRN_007570	pass	strict	matches_strict_topology
IRN_007815	pass	strict	matches_strict_topology
IRN_008983	pass	relaxed	matches_relaxed_topology
IRN_009752	pass	strict	matches_strict_topology
IRN_009880	fail	fail	wrong_feature_order
IRN_009883	pass	relaxed	matches_relaxed_topology
IRN_010297	pass	strict	matches_strict_topology
IRN_010403	pass	strict	matches_strict_topology
IRN_010408	pass	relaxed	matches_relaxed_topology
IRN_010559	pass	strict	matches_strict_topology
IRN_010772	pass	relaxed	matches_relaxed_topology
IRN_011021	pass	strict	matches_strict_topology
IRN_012210	pass	strict	matches_strict_topology
IRN_012435	pass	strict	matches_strict_topology
IRN_012556	pass	strict	matches_strict_topology
IRN_012579	pass	relaxed	matches_relaxed_topology
IRN_012580	pass	relaxed	matches_relaxed_topology
IRN_012764	pass	strict	matches_strict_topology
IRN_013051	pass	relaxed	matches_relaxed_topology
IRN_013052	pass	relaxed	matches_relaxed_topology
IRN_013061	pass	strict	matches_strict_topology
IRN_013062	pass	strict	matches_strict_topology
IRN_013081	pass	strict	matches_strict_topology
IRN_013082	pass	relaxed	matches_relaxed_topology
IRN_013094	pass	strict	matches_strict_topology
IRN_013095	pass	strict	matches_strict_topology
IRN_013096	pass	strict	matches_strict_topology
IRN_013101	fail	fail	wrong_feature_order
IRN_013102	pass	relaxed	matches_relaxed_topology
IRN_013103	pass	strict	matches_strict_topology
IRN_013108	pass	strict	matches_strict_topology
IRN_013109	pass	strict	matches_strict_topology
IRN_013264	fail	fail	wrong_feature_order
IRN_014672	fail	fail	wrong_feature_order
IRN_014782	pass	strict	matches_strict_topology
IRN_015238	pass	relaxed	matches_relaxed_topology
IRN_015377	pass	strict	matches_strict_topology
IRN_015386	pass	strict	matches_strict_topology
IRN_016450	pass	strict	matches_strict_topology
IRN_016454	pass	strict	matches_strict_topology
IRN_016461	pass	strict	matches_strict_topology
IRN_016521	pass	relaxed	matches_relaxed_topology
IRN_016522	pass	strict	matches_strict_topology
IRN_017733	pass	strict	matches_strict_topology
IRN_018012	pass	strict	matches_strict_topology
IRN_018036	fail	fail	wrong_feature_order
IRN_018037	fail	fail	wrong_feature_order
IRN_018066	pass	strict	matches_strict_topology
IRN_018068	pass	strict	matches_strict_topology
IRN_018675	pass	relaxed	matches_relaxed_topology
IRN_018676	pass	strict	matches_strict_topology
IRN_018677	pass	strict	matches_strict_topology
IRN_018678	pass	strict	matches_strict_topology
IRN_018679	pass	strict	matches_strict_topology
IRN_018680	pass	strict	matches_strict_topology
IRN_018681	pass	relaxed	matches_relaxed_topology
IRN_018682	pass	strict	matches_strict_topology
IRN_018683	pass	strict	matches_strict_topology
IRN_018684	pass	relaxed	matches_relaxed_topology
IRN_018685	pass	relaxed	matches_relaxed_topology
IRN_018686	pass	strict	matches_strict_topology
IRN_018687	pass	strict	matches_strict_topology
IRN_018688	pass	strict	matches_strict_topology
IRN_018689	pass	relaxed	matches_relaxed_topology
IRN_018690	pass	relaxed	matches_relaxed_topology
IRN_018692	pass	strict	matches_strict_topology
IRN_018693	pass	strict	matches_strict_topology
IRN_018694	fail	fail	wrong_feature_order
IRN_018695	pass	strict	matches_strict_topology
IRN_018696	pass	relaxed	matches_relaxed_topology
IRN_018697	pass	strict	matches_strict_topology
IRN_018698	pass	relaxed	matches_relaxed_topology
IRN_018699	pass	strict	matches_strict_topology
IRN_018700	fail	fail	wrong_feature_order
IRN_018701	pass	relaxed	matches_relaxed_topology
IRN_018702	pass	strict	matches_strict_topology
IRN_018703	pass	relaxed	matches_relaxed_topology
IRN_018704	pass	strict	matches_strict_topology
IRN_018705	pass	strict	matches_strict_topology
IRN_018706	pass	strict	matches_strict_topology
IRN_018707	pass	strict	matches_strict_topology
IRN_018708	pass	strict	matches_strict_topology
IRN_018709	pass	strict	matches_strict_topology
IRN_018710	pass	strict	matches_strict_topology
IRN_018711	pass	strict	matches_strict_topology
IRN_018712	pass	relaxed	matches_relaxed_topology
IRN_018713	pass	relaxed	matches_relaxed_topology
IRN_018714	pass	strict	matches_strict_topology
IRN_018715	pass	strict	matches_strict_topology
IRN_018716	pass	strict	matches_strict_topology
IRN_018717	pass	strict	matches_strict_topology
IRN_018718	pass	strict	matches_strict_topology
IRN_018719	pass	strict	matches_strict_topology
IRN_018720	pass	strict	matches_strict_topology
IRN_018721	pass	strict	matches_strict_topology
IRN_018722	pass	strict	matches_strict_topology
IRN_018723	pass	strict	matches_strict_topology
IRN_018724	pass	strict	matches_strict_topology
IRN_018725	pass	strict	matches_strict_topology
IRN_018726	pass	strict	matches_strict_topology
IRN_018727	pass	relaxed	matches_relaxed_topology
IRN_018728	pass	strict	matches_strict_topology
IRN_018729	pass	strict	matches_strict_topology
IRN_018730	pass	strict	matches_strict_topology
IRN_018731	fail	fail	wrong_feature_order
IRN_018732	pass	strict	matches_strict_topology
IRN_018733	pass	strict	matches_strict_topology
IRN_018734	pass	strict	matches_strict_topology
IRN_018735	pass	relaxed	matches_relaxed_topology
IRN_018736	pass	relaxed	matches_relaxed_topology
IRN_018737	pass	strict	matches_strict_topology
IRN_018738	pass	strict	matches_strict_topology
IRN_018739	pass	strict	matches_strict_topology
IRN_018740	pass	strict	matches_strict_topology
IRN_018741	pass	strict	matches_strict_topology
IRN_018742	pass	strict	matches_strict_topology
IRN_018743	pass	relaxed	matches_relaxed_topology
IRN_018744	pass	strict	matches_strict_topology
IRN_018745	pass	strict	matches_strict_topology
IRN_018746	pass	strict	matches_strict_topology
IRN_018747	pass	strict	matches_strict_topology
IRN_018748	pass	strict	matches_strict_topology
IRN_018750	pass	strict	matches_strict_topology
IRN_018751	pass	strict	matches_strict_topology
IRN_018752	pass	strict	matches_strict_topology
IRN_019005	pass	relaxed	matches_relaxed_topology
IRN_019006	pass	relaxed	matches_relaxed_topology
IRN_019011	pass	relaxed	matches_relaxed_topology
IRN_019737	pass	strict	matches_strict_topology
IRN_019890	pass	relaxed	matches_relaxed_topology
IRN_019896	pass	relaxed	matches_relaxed_topology
IRN_020148	pass	relaxed	matches_relaxed_topology
IRN_020149	pass	relaxed	matches_relaxed_topology
IRN_020591	pass	relaxed	matches_relaxed_topology
IRN_023258	pass	relaxed	matches_relaxed_topology
IRN_023706	pass	relaxed	matches_relaxed_topology
IRN_026222	fail	fail	wrong_feature_order
IRN_026466	pass	strict	matches_strict_topology
IRN_026720	fail	fail	wrong_feature_order
IRN_026722	fail	fail	wrong_feature_order
IRN_028897	pass	relaxed	matches_relaxed_topology
IRN_028899	fail	fail	wrong_feature_order
IRN_029258	pass	relaxed	matches_relaxed_topology
IRN_030489	pass	strict	matches_strict_topology
IRN_030706	pass	relaxed	matches_relaxed_topology
IRN_030707	pass	strict	matches_strict_topology
IRN_030779	pass	strict	matches_strict_topology
IRN_031157	pass	strict	matches_strict_topology
IRN_031619	fail	fail	wrong_feature_order
IRN_031632	pass	relaxed	matches_relaxed_topology
IRN_031667	pass	relaxed	matches_relaxed_topology
IRN_031684	pass	strict	matches_strict_topology
IRN_031685	pass	strict	matches_strict_topology
IRN_031692	pass	relaxed	matches_relaxed_topology
IRN_031693	pass	strict	matches_strict_topology
IRN_031694	pass	relaxed	matches_relaxed_topology
IRN_031695	pass	relaxed	matches_relaxed_topology
IRN_031700	pass	strict	matches_strict_topology
IRN_031967	fail	fail	wrong_feature_order
IRN_033492	pass	strict	matches_strict_topology
IRN_033493	fail	fail	wrong_feature_order
IRN_033505	pass	strict	matches_strict_topology
IRN_033506	pass	strict	matches_strict_topology
IRN_033588	pass	relaxed	matches_relaxed_topology
IRN_033589	fail	fail	wrong_feature_order
IRN_033590	pass	relaxed	matches_relaxed_topology
IRN_035277	fail	fail	wrong_feature_order
IRN_035780	pass	relaxed	matches_relaxed_topology
IRN_035832	pass	relaxed	matches_relaxed_topology
IRN_035835	pass	strict	matches_strict_topology
IRN_036948	pass	strict	matches_strict_topology
IRN_038096	pass	relaxed	matches_relaxed_topology
IRN_038181	fail	fail	wrong_feature_order
IRN_038183	pass	relaxed	matches_relaxed_topology
IRN_038359	fail	fail	wrong_feature_order
IRN_038360	fail	fail	wrong_feature_order
IRN_038405	pass	strict	matches_strict_topology
IRN_038406	fail	fail	wrong_feature_order
IRN_038407	fail	fail	wrong_feature_order
IRN_040954	fail	fail	wrong_feature_order
IRN_041817	pass	relaxed	matches_relaxed_topology
IRN_042050	pass	strict	matches_strict_topology
IRN_042068	pass	relaxed	matches_relaxed_topology
IRN_044479	fail	fail	wrong_feature_order
IRN_045047	pass	strict	matches_strict_topology
IRN_045048	pass	strict	matches_strict_topology
IRN_045071	fail	fail	wrong_feature_order
IRN_045100	pass	strict	matches_strict_topology
IRN_045105	pass	relaxed	matches_relaxed_topology
IRN_045106	pass	strict	matches_strict_topology
IRN_045107	pass	strict	matches_strict_topology
IRN_045154	pass	strict	matches_strict_topology
IRN_045533	fail	fail	wrong_feature_order
IRN_045534	pass	relaxed	matches_relaxed_topology
IRN_045650	pass	strict	matches_strict_topology
IRN_045651	pass	relaxed	matches_relaxed_topology
IRN_046228	fail	fail	wrong_feature_order
IRN_046230	pass	relaxed	matches_relaxed_topology
IRN_046231	pass	strict	matches_strict_topology
IRN_046303	fail	fail	wrong_feature_order
IRN_046435	pass	relaxed	matches_relaxed_topology
IRN_046436	fail	fail	wrong_feature_order
IRN_046438	pass	strict	matches_strict_topology
IRN_046455	pass	relaxed	matches_relaxed_topology
IRN_046456	pass	relaxed	matches_relaxed_topology
IRN_046681	pass	relaxed	matches_relaxed_topology
IRN_046698	pass	relaxed	matches_relaxed_topology
IRN_046699	fail	fail	wrong_feature_order
IRN_046832	pass	strict	matches_strict_topology
IRN_046833	pass	relaxed	matches_relaxed_topology
IRN_047705	pass	relaxed	matches_relaxed_topology
IRN_048055	pass	relaxed	matches_relaxed_topology
IRN_048920	pass	strict	matches_strict_topology
IRN_049333	pass	strict	matches_strict_topology
IRN_049395	fail	fail	wrong_feature_order
IRN_051513	pass	relaxed	matches_relaxed_topology
IRN_051514	pass	strict	matches_strict_topology
IRN_051515	pass	strict	matches_strict_topology
IRN_051516	pass	relaxed	matches_relaxed_topology
IRN_051517	pass	strict	matches_strict_topology
IRN_051518	pass	strict	matches_strict_topology
IRN_051519	pass	strict	matches_strict_topology
IRN_051521	pass	strict	matches_strict_topology
IRN_051522	pass	strict	matches_strict_topology
IRN_051523	pass	relaxed	matches_relaxed_topology
IRN_051524	pass	strict	matches_strict_topology
IRN_051525	pass	strict	matches_strict_topology
IRN_051526	pass	relaxed	matches_relaxed_topology
IRN_051527	pass	relaxed	matches_relaxed_topology
IRN_051528	fail	fail	wrong_feature_order
IRN_051529	pass	strict	matches_strict_topology
IRN_051530	pass	strict	matches_strict_topology
IRN_051531	pass	strict	matches_strict_topology
IRN_051532	pass	relaxed	matches_relaxed_topology
IRN_051533	pass	relaxed	matches_relaxed_topology
IRN_051535	pass	strict	matches_strict_topology
IRN_051536	pass	strict	matches_strict_topology
IRN_051537	fail	fail	wrong_feature_order
IRN_051538	pass	strict	matches_strict_topology
IRN_051539	pass	relaxed	matches_relaxed_topology
IRN_051540	pass	strict	matches_strict_topology
IRN_051541	pass	strict	matches_strict_topology
IRN_051542	fail	fail	wrong_feature_order
IRN_051543	fail	fail	wrong_feature_order
IRN_051544	pass	strict	matches_strict_topology
IRN_051545	pass	strict	matches_strict_topology
IRN_051546	pass	strict	matches_strict_topology
IRN_051547	pass	strict	matches_strict_topology
IRN_051548	pass	strict	matches_strict_topology
IRN_051549	pass	strict	matches_strict_topology
IRN_051550	fail	fail	wrong_feature_order
IRN_051551	fail	fail	wrong_feature_order
IRN_051552	fail	fail	wrong_feature_order
IRN_051553	pass	strict	matches_strict_topology
IRN_051554	pass	relaxed	matches_relaxed_topology
IRN_051555	pass	strict	matches_strict_topology
IRN_051556	pass	strict	matches_strict_topology
IRN_051557	pass	strict	matches_strict_topology
IRN_051558	fail	fail	wrong_feature_order
IRN_051559	fail	fail	wrong_feature_order
IRN_051560	fail	fail	wrong_feature_order
IRN_051561	pass	strict	matches_strict_topology
IRN_051562	pass	strict	matches_strict_topology
IRN_051563	fail	fail	wrong_feature_order
IRN_051564	pass	relaxed	matches_relaxed_topology
IRN_051565	pass	strict	matches_strict_topology
IRN_051566	pass	strict	matches_strict_topology
IRN_051567	fail	fail	wrong_feature_order
IRN_051568	pass	strict	matches_strict_topology
IRN_051569	pass	strict	matches_strict_topology
IRN_051570	pass	strict	matches_strict_topology
IRN_051571	fail	fail	wrong_feature_order
IRN_051572	fail	fail	wrong_feature_order
IRN_051573	pass	strict	matches_strict_topology
IRN_051574	pass	strict	matches_strict_topology
IRN_051575	fail	fail	wrong_feature_order
IRN_051576	fail	fail	wrong_feature_order
IRN_051577	pass	strict	matches_strict_topology
IRN_051578	fail	fail	wrong_feature_order
IRN_051579	fail	fail	wrong_feature_order
IRN_051580	fail	fail	wrong_feature_order
